ddG,variant_info,pdb_id,mut_info,pos,wt,mut,FoldX_dGG
1.19,1aky_V8I,1aky,V8I,8,V,I,0.5698409999999999
0.96,1aky_Q48E,1aky,Q48E,48,Q,E,-0.811517
2.15,1aky_T77H,1aky,T77H,77,T,H,1.57398
2.63,1aky_T110H,1aky,T110H,110,T,H,-1.18166
2.15,1aky_N169D,1aky,N169D,169,N,D,0.0967586
1.91,1aky_I213F,1aky,I213F,213,I,F,6.79017
1.6,1am7_H31D,1am7,H31D,31,H,D,1.05239
1.4,1ank_D84H,1ank,D84H,84,D,H,3.37595
2.4,1ank_G85V,1ank,G85V,85,G,V,5.81864
0.8,1ank_F86L,1ank,F86L,86,F,L,1.24032
0.2,1ank_R88G,1ank,R88G,88,R,G,1.22791
1.48,1ayf_T54A,1ayf,T54A,54,T,A,1.25373
0.12,1ayf_T54S,1ayf,T54S,54,T,S,1.7509
2.17,1ayf_H56Q,1ayf,H56Q,56,H,Q,1.68232
1.36,1ayf_H56R,1ayf,H56R,56,H,R,6.2757
1.41,1ayf_H56T,1ayf,H56T,56,H,T,1.1841899999999999
0.48,1ayf_D76E,1ayf,D76E,76,D,E,-0.30659899999999995
0.1,1ayf_Y82F,1ayf,Y82F,82,Y,F,0.5471189999999999
0.69,1ayf_Y82L,1ayf,Y82L,82,Y,L,0.863418
0.65,1ayf_Y82S,1ayf,Y82S,82,Y,S,0.823578
-0.93,1ayf_C95S,1ayf,C95S,95,C,S,0.312473
2.03,1azp_W24A,1azp,W24A,24,W,A,5.2058
-0.53,1azp_V30I,1azp,V30I,30,V,I,-0.408462
0.6,1bni_D8A,1bni,D8A,8,D,A,0.923165
1.0,1bni_D8G,1bni,D8G,8,D,G,0.44745
0.6,1bni_D12G,1bni,D12G,12,D,G,1.1165100000000001
4.2,1bni_L14A,1bni,L14A,14,L,A,3.01607
-0.38,1bni_T16R,1bni,T16R,16,T,R,-0.9677209999999999
0.09,1bni_D22M,1bni,D22M,22,D,M,0.13778800000000002
1.9,1bni_T26G,1bni,T26G,26,T,G,-1.00973
1.86,1bni_I51V,1bni,I51V,51,I,V,0.99687
5.3,1bni_G52A,1bni,G52A,52,G,A,6.57131
3.4,1bni_G53A,1bni,G53A,53,G,A,3.23044
7.8,1bni_G53V,1bni,G53V,53,G,V,5.3049800000000005
2.38,1bni_D54N,1bni,D54N,54,D,N,0.741113
2.68,1bni_R69M,1bni,R69M,69,R,M,-0.95126
1.4,1bni_R83Q,1bni,R83Q,83,R,Q,0.937308
4.2,1bni_I88A,1bni,I88A,88,I,A,3.56368
1.4,1bni_I88V,1bni,I88V,88,I,V,0.72812
1.38,1bni_S91A,1bni,S91A,91,S,A,2.59002
2.65,1bni_S92A,1bni,S92A,92,S,A,0.0665177
3.3,1bni_I96A,1bni,I96A,96,I,A,4.0363
0.9,1bni_I96V,1bni,I96V,96,I,V,0.49463500000000005
0.41,1bvc_L9A,1bvc,L9A,9,L,A,0.8935719999999999
0.44,1bvc_L11A,1bvc,L11A,11,L,A,2.28073
0.67,1bvc_V13A,1bvc,V13A,13,V,A,2.44917
1.12,1bvc_G23A,1bvc,G23A,23,G,A,0.579447
1.33,1bvc_I28A,1bvc,I28A,28,I,A,3.4318199999999996
0.55,1bvc_I28L,1bvc,I28L,28,I,L,1.4333200000000001
0.56,1bvc_I28M,1bvc,I28M,28,I,M,-0.593598
-0.04,1bvc_I28V,1bvc,I28V,28,I,V,1.24048
2.37,1bvc_L29A,1bvc,L29A,29,L,A,2.66826
1.12,1bvc_L29I,1bvc,L29I,29,L,I,4.08564
-0.12,1bvc_L29M,1bvc,L29M,29,L,M,-0.223477
1.72,1bvc_L29V,1bvc,L29V,29,L,V,2.2035299999999998
0.8,1bvc_L49I,1bvc,L49I,49,L,I,0.276517
1.41,1bvc_T51A,1bvc,T51A,51,T,A,1.03995
-0.75,1bvc_V66A,1bvc,V66A,66,V,A,0.585672
0.26,1bvc_T67A,1bvc,T67A,67,T,A,-0.4589
1.18,1bvc_L69A,1bvc,L69A,69,L,A,3.71095
0.02,1bvc_L69I,1bvc,L69I,69,L,I,0.802074
0.0,1bvc_L69M,1bvc,L69M,69,L,M,-0.0675703
0.1,1bvc_L69V,1bvc,L69V,69,L,V,2.05596
-0.59,1bvc_P88A,1bvc,P88A,88,P,A,2.13055
1.84,1bvc_I111A,1bvc,I111A,111,I,A,3.72891
0.64,1bvc_I111L,1bvc,I111L,111,I,L,-0.30027
1.14,1bvc_I111M,1bvc,I111M,111,I,M,0.492551
1.45,1bvc_V114A,1bvc,V114A,114,V,A,1.79699
-0.16,1bvc_H116A,1bvc,H116A,116,H,A,-0.5524789999999999
0.26,1bvc_S117A,1bvc,S117A,117,S,A,0.11265599999999999
-1.05,1bvc_G129A,1bvc,G129A,129,G,A,-0.782675
1.54,1bvc_L135I,1bvc,L135I,135,L,I,1.0446
0.79,1bvc_L135M,1bvc,L135M,135,L,M,-0.587379
2.25,1bvc_L135V,1bvc,L135V,135,L,V,2.6433299999999997
1.78,1bvc_L137A,1bvc,L137A,137,L,A,1.0709799999999998
1.92,1bvc_I142A,1bvc,I142A,142,I,A,3.51506
-0.63,1bvc_I142L,1bvc,I142L,142,I,L,0.174163
-0.93,1bvc_I142M,1bvc,I142M,142,I,M,0.716658
0.12,1bvc_I142V,1bvc,I142V,142,I,V,1.6726400000000001
1.6,1bvc_L149A,1bvc,L149A,149,L,A,1.8069099999999998
-5.01,1c52_M69A,1c52,M69A,69,M,A,1.67208
0.71,1c52_M69H,1c52,M69H,69,M,H,1.0346899999999999
0.75,1c8c_W24A,1c8c,W24A,24,W,A,6.09961
0.73,1c8c_I30V,1c8c,I30V,30,I,V,0.713037
2.14,1c8c_F32Y,1c8c,F32Y,32,F,Y,1.4355799999999999
-0.55,1c9o_Q2L,1c9o,Q2L,2,Q,L,1.39511
1.89,1c9o_R3A,1c9o,R3A,3,R,A,0.6301760000000001
2.75,1c9o_R3E,1c9o,R3E,3,R,E,0.06272
0.19,1c9o_R3K,1c9o,R3K,3,R,K,0.250136
0.93,1c9o_R3L,1c9o,R3L,3,R,L,0.275412
-0.33,1c9o_N11S,1c9o,N11S,11,N,S,0.194021
0.43,1c9o_E12K,1c9o,E12K,12,E,K,-0.402884
0.05,1c9o_Y15F,1c9o,Y15F,15,Y,F,-0.37335999999999997
0.29,1c9o_E21A,1c9o,E21A,21,E,A,-0.0244634
0.26,1c9o_E21K,1c9o,E21K,21,E,K,-0.241877
0.29,1c9o_G23Q,1c9o,G23Q,23,G,Q,0.0709087
-0.22,1c9o_S24D,1c9o,S24D,24,S,D,0.592169
0.76,1c9o_H29E,1c9o,H29E,29,H,E,0.783845
-0.17,1c9o_T31S,1c9o,T31S,31,T,S,1.09965
0.19,1c9o_E36K,1c9o,E36K,36,E,K,0.11100499999999999
0.22,1c9o_E46A,1c9o,E46A,46,E,A,0.0739576
0.64,1c9o_E46K,1c9o,E46K,46,E,K,-0.88
0.5,1c9o_E50K,1c9o,E50K,50,E,K,0.789095
0.1,1c9o_Q53E,1c9o,Q53E,53,Q,E,0.277477
-0.1,1c9o_N55K,1c9o,N55K,55,N,K,-0.423104
-0.76,1c9o_R56E,1c9o,R56E,56,R,E,1.28075
0.26,1c9o_V64T,1c9o,V64T,64,V,T,0.8026409999999999
1.24,1c9o_L66E,1c9o,L66E,66,L,E,1.4229399999999999
4.43,1chk_W28F,1chk,W28F,28,W,F,1.29631
4.27,1chk_W101F,1chk,W101F,101,W,F,1.41006
2.51,1chk_W227F,1chk,W227F,227,W,F,1.35085
-1.74,1csp_M1R,1csp,M1R,1,M,R,0.610711
0.36,1csp_L2R,1csp,L2R,2,L,R,0.02022
-2.75,1csp_E3K,1csp,E3K,3,E,K,0.340751
-1.62,1csp_E3L,1csp,E3L,3,E,L,0.793121
-1.31,1csp_E3Q,1csp,E3Q,3,E,Q,0.08792260000000002
-2.65,1csp_E3R,1csp,E3R,3,E,R,0.295685
-1.77,1csp_E3V,1csp,E3V,3,E,V,0.0799326
-0.67,1csp_N10D,1csp,N10D,10,N,D,0.20806100000000002
2.27,1csp_F15A,1csp,F15A,15,F,A,2.1440799999999998
1.53,1csp_F17A,1csp,F17A,17,F,A,2.14074
0.81,1csp_D25Q,1csp,D25Q,25,D,Q,-1.6252
0.84,1csp_F27A,1csp,F27A,27,F,A,2.0872599999999997
-0.14,1csp_F38A,1csp,F38A,38,F,A,0.448654
-0.29,1csp_E43S,1csp,E43S,43,E,S,-0.275935
0.6,1csp_A46E,1csp,A46E,46,A,E,2.18667
-1.41,1csp_A46K,1csp,A46K,46,A,K,-0.30504499999999996
-0.81,1csp_A46L,1csp,A46L,46,A,L,-0.5415399999999999
-0.1,1csp_S48E,1csp,S48E,48,S,E,0.543609
-1.41,1csp_S48K,1csp,S48K,48,S,K,-1.5463200000000001
-1.58,1csp_S48R,1csp,S48R,48,S,R,-1.0137
1.22,1csp_E50Q,1csp,E50Q,50,E,Q,-0.27242
-0.38,1csp_R56Q,1csp,R56Q,56,R,Q,-0.0904685
-1.07,1csp_T64R,1csp,T64R,64,T,R,-0.721885
-1.53,1csp_K65I,1csp,K65I,65,K,I,-0.369719
-2.17,1csp_E66K,1csp,E66K,66,E,K,-1.53401
-2.1,1csp_E66L,1csp,E66L,66,E,L,-1.04635
-1.72,1csp_E66V,1csp,E66V,66,E,V,1.2697100000000001
3.41,1cyo_F35H,1cyo,F35H,35,F,H,3.03762
1.92,1cyo_F35L,1cyo,F35L,35,F,L,0.923601
-0.12,1cyo_F35Y,1cyo,F35Y,35,F,Y,0.704097
2.37,1cyo_V45E,1cyo,V45E,45,V,E,0.292017
1.36,1cyo_V45H,1cyo,V45H,45,V,H,1.20858
1.54,1cyo_V45Y,1cyo,V45Y,45,V,Y,0.9177299999999999
1.1,1cyo_V61E,1cyo,V61E,61,V,E,0.418551
1.63,1cyo_V61H,1cyo,V61H,61,V,H,-0.167726
2.34,1cyo_V61K,1cyo,V61K,61,V,K,-0.16830599999999998
1.29,1cyo_V61Y,1cyo,V61Y,61,V,Y,-0.207769
-1.08,1e0w_W85A,1e0w,W85A,85,W,A,2.65069
2.2,1e0w_W85F,1e0w,W85F,85,W,F,1.8524599999999998
0.53,1e0w_W85H,1e0w,W85H,85,W,H,3.03245
2.77,1e0w_Y172A,1e0w,Y172A,172,Y,A,5.09804
0.5,1e0w_Y172F,1e0w,Y172F,172,Y,F,2.8289
-0.86,1e0w_Y172S,1e0w,Y172S,172,Y,S,4.98709
2.58,1e0w_W266A,1e0w,W266A,266,W,A,2.3712400000000002
1.81,1e0w_W266F,1e0w,W266F,266,W,F,0.12005899999999999
3.99,1e0w_W266H,1e0w,W266H,266,W,H,2.96983
-2.27,1e0w_W274A,1e0w,W274A,274,W,A,1.3846399999999999
-0.43,1e0w_W274F,1e0w,W274F,274,W,F,1.34552
-0.14,1e0w_W274H,1e0w,W274H,274,W,H,0.398483
0.21,1ey0_I18M,1ey0,I18M,18,I,M,0.726858
-1.0,1ey0_D21K,1ey0,D21K,21,D,K,1.31308
-1.4,1ey0_D21N,1ey0,D21N,21,D,N,-1.88021
1.72,1ey0_V23A,1ey0,V23A,23,V,A,2.4416700000000002
0.41,1ey0_K24G,1ey0,K24G,24,K,G,2.93507
1.78,1ey0_L25A,1ey0,L25A,25,L,A,4.4199
1.1,1ey0_G29C,1ey0,G29C,29,G,C,2.6564900000000002
1.1,1ey0_G29F,1ey0,G29F,29,G,F,3.86679
0.6,1ey0_M32I,1ey0,M32I,32,M,I,0.16728099999999999
0.8,1ey0_M32L,1ey0,M32L,32,M,L,0.410736
-0.4,1ey0_T33V,1ey0,T33V,33,T,V,-0.44138999999999995
-0.7,1ey0_T41I,1ey0,T41I,41,T,I,0.190825
0.0,1ey0_H46Y,1ey0,H46Y,46,H,Y,0.18678499999999998
0.8,1ey0_G50C,1ey0,G50C,50,G,C,2.38104
0.4,1ey0_G50F,1ey0,G50F,50,G,F,1.8129
0.7,1ey0_E57C,1ey0,E57C,57,E,C,0.712562
0.9,1ey0_E57F,1ey0,E57F,57,E,F,-0.344174
-0.5,1ey0_S59A,1ey0,S59A,59,S,A,-0.4087
1.2,1ey0_A60C,1ey0,A60C,60,A,C,0.504436
1.72,1ey0_V66A,1ey0,V66A,66,V,A,2.7130099999999997
0.11,1ey0_V66L,1ey0,V66L,66,V,L,-1.47641
1.22,1ey0_V66W,1ey0,V66W,66,V,W,2.56616
2.08,1ey0_A69T,1ey0,A69T,69,A,T,2.68777
0.5,1ey0_K70C,1ey0,K70C,70,K,C,1.01518
0.0,1ey0_K70F,1ey0,K70F,70,K,F,0.8754120000000001
0.4,1ey0_K78C,1ey0,K78C,78,K,C,0.919984
-0.1,1ey0_K78F,1ey0,K78F,78,K,F,0.05920689999999999
2.0,1ey0_G79S,1ey0,G79S,79,G,S,1.7948400000000002
1.18,1ey0_G88V,1ey0,G88V,88,G,V,7.853339999999999
1.22,1ey0_L89F,1ey0,L89F,89,L,F,0.5093439999999999
1.46,1ey0_A90S,1ey0,A90S,90,A,S,0.280117
2.7,1ey0_R105C,1ey0,R105C,105,R,C,1.65225
3.1,1ey0_R105F,1ey0,R105F,105,R,F,0.720467
0.8,1ey0_A112C,1ey0,A112C,112,A,C,0.7065359999999999
1.3,1ey0_A112F,1ey0,A112F,112,A,F,0.32807
-1.0,1ey0_P117G,1ey0,P117G,117,P,G,1.11305
-1.57,1ey0_H124L,1ey0,H124L,124,H,L,-1.51302
-0.7,1ey0_S128A,1ey0,S128A,128,S,A,-0.788284
0.7,1ey0_K134C,1ey0,K134C,134,K,C,0.821133
0.3,1ey0_K134F,1ey0,K134F,134,K,F,0.571732
2.12,1f6r_H32A,1f6r,H32A,32,H,A,0.9007639999999999
-0.07,1f6r_H32Y,1f6r,H32Y,32,H,Y,-1.63946
0.93,1f6r_V42A,1f6r,V42A,42,V,A,0.329927
1.15,1f6r_V42G,1f6r,V42G,42,V,G,1.40422
0.24,1f6r_V42N,1f6r,V42N,42,V,N,-0.6354489999999999
0.41,1f6r_Q54A,1f6r,Q54A,54,Q,A,0.521663
0.93,1f6r_I59W,1f6r,I59W,59,I,W,2.60794
2.56,1f6r_Y103A,1f6r,Y103A,103,Y,A,2.49004
0.26,1f6r_Y103P,1f6r,Y103P,103,Y,P,9.09643
2.44,1f6r_W104Y,1f6r,W104Y,104,W,Y,2.40599
1.05,1f6r_A106S,1f6r,A106S,106,A,S,1.5654299999999999
0.79,1f6r_H107A,1f6r,H107A,107,H,A,0.273314
1.72,1f6r_H107W,1f6r,H107W,107,H,W,-2.93073
0.19,1f6r_H107Y,1f6r,H107Y,107,H,Y,-1.7865799999999998
0.19,1f6r_L110E,1f6r,L110E,110,L,E,4.92749
-1.39,1f6r_L110H,1f6r,L110H,110,L,H,3.8069300000000004
-0.43,1f6r_L110R,1f6r,L110R,110,L,R,0.363639
0.65,1f6r_K114E,1f6r,K114E,114,K,E,0.837485
-2.65,1f6r_K114N,1f6r,K114N,114,K,N,0.168398
0.6,1f6r_K114Q,1f6r,K114Q,114,K,Q,0.319463
0.96,1f6r_Q117A,1f6r,Q117A,117,Q,A,0.458804
0.6,1f6r_W118H,1f6r,W118H,118,W,H,3.64629
1.17,1f6r_W118Y,1f6r,W118Y,118,W,Y,3.26209
6.82,1fvk_P151A,1fvk,P151A,151,P,A,4.14551
-0.72,1gv5_V103I,1gv5,V103I,103,V,I,0.525523
0.53,1h7m_D2A,1h7m,D2A,2,D,A,0.79227
0.89,1h7m_E6A,1h7m,E6A,6,E,A,0.29399000000000003
0.76,1h7m_R8A,1h7m,R8A,8,R,A,0.56795
0.62,1h7m_K9A,1h7m,K9A,9,K,A,0.36005
0.49,1h7m_K9M,1h7m,K9M,9,K,M,0.322294
-0.24,1h7m_D12A,1h7m,D12A,12,D,A,-0.508903
0.91,1h7m_K15A,1h7m,K15A,15,K,A,1.47475
-0.07,1h7m_R21A,1h7m,R21A,21,R,A,-0.181619
-0.43,1h7m_K22A,1h7m,K22A,22,K,A,0.6146560000000001
1.2,1h7m_K28A,1h7m,K28A,28,K,A,0.785153
-0.12,1h7m_K33A,1h7m,K33A,33,K,A,1.50098
0.07,1h7m_R39A,1h7m,R39A,39,R,A,-0.22388899999999998
-0.33,1h7m_R42A,1h7m,R42A,42,R,A,-1.3267
-0.05,1h7m_D44A,1h7m,D44A,44,D,A,0.168797
1.09,1h7m_K46A,1h7m,K46A,46,K,A,1.52036
0.05,1h7m_E47A,1h7m,E47A,47,E,A,0.277766
-0.36,1h7m_D48A,1h7m,D48A,48,D,A,0.0126509
-0.57,1h7m_E50A,1h7m,E50A,50,E,A,0.294732
0.26,1h7m_R54A,1h7m,R54A,54,R,A,0.450669
1.29,1h7m_E62A,1h7m,E62A,62,E,A,0.302804
0.26,1h7m_E64A,1h7m,E64A,64,E,A,-0.646785
0.74,1h7m_E69A,1h7m,E69A,69,E,A,1.05464
-0.19,1h7m_R76A,1h7m,R76A,76,R,A,1.18929
0.5,1h7m_H78A,1h7m,H78A,78,H,A,0.474958
1.36,1h7m_D87A,1h7m,D87A,87,D,A,0.653131
0.45,1h7m_E90A,1h7m,E90A,90,E,A,0.425662
0.52,1h7m_R92A,1h7m,R92A,92,R,A,1.4842
0.79,1h7m_R92M,1h7m,R92M,92,R,M,0.7137859999999999
1.6,1hfy_T38A,1hfy,T38A,38,T,A,-1.19625
1.24,1ihb_F37H,1ihb,F37H,37,F,H,1.2093
0.32,1ihb_R55V,1ihb,R55V,55,R,V,0.579712
-0.71,1ihb_F71N,1ihb,F71N,71,F,N,1.9856599999999998
0.46,1ihb_F82Q,1ihb,F82Q,82,F,Q,1.9030799999999999
1.08,1ihb_F92N,1ihb,F92N,92,F,N,2.17666
2.91,1io2_I6A,1io2,I6A,6,I,A,0.32031
-1.67,1io2_D7N,1io2,D7N,7,D,N,0.0536763
-2.65,1io2_E8A,1io2,E8A,8,E,A,1.64088
-0.6,1io2_E8Q,1io2,E8Q,8,E,Q,2.3652
2.12,1io2_I15A,1io2,I15A,15,I,A,3.99235
4.42,1io2_I20A,1io2,I20A,20,I,A,4.00359
4.54,1io2_L33A,1io2,L33A,33,L,A,3.24713
3.97,1io2_I56A,1io2,I56A,56,I,A,3.5057
2.87,1io2_L92A,1io2,L92A,92,L,A,3.34801
4.04,1io2_I102A,1io2,I102A,102,I,A,4.14481
-1.58,1io2_D105A,1io2,D105A,105,D,A,-1.55341
5.26,1io2_L118A,1io2,L118A,118,L,A,3.7503
-2.56,1io2_D135A,1io2,D135A,135,D,A,-1.73452
2.61,1io2_L147A,1io2,L147A,147,L,A,3.88593
0.7,1ke4_Y150F,1ke4,Y150F,150,Y,F,0.983793
3.72,1kf2_V47A,1kf2,V47A,47,V,A,3.24364
2.58,1kf2_V54A,1kf2,V54A,54,V,A,2.86436
4.87,1kf2_V54G,1kf2,V54G,54,V,G,4.63949
1.95,1kf2_V54I,1kf2,V54I,54,V,I,-0.189899
1.08,1kf2_V54L,1kf2,V54L,54,V,L,0.29099200000000003
2.85,1kf2_V57A,1kf2,V57A,57,V,A,1.53356
5.52,1kf2_V57G,1kf2,V57G,57,V,G,3.4491199999999997
1.3,1kf2_V57I,1kf2,V57I,57,V,I,0.176249
2.37,1kf2_V57L,1kf2,V57L,57,V,L,1.55559
2.02,1kf2_V63A,1kf2,V63A,63,V,A,1.51251
3.5,1kf2_V63G,1kf2,V63G,63,V,G,2.4140200000000003
0.43,1kf2_A64G,1kf2,A64G,64,A,G,0.49662399999999995
2.99,1kf2_I81A,1kf2,I81A,81,I,A,3.3902300000000003
4.8,1kf2_I81G,1kf2,I81G,81,I,G,4.484319999999999
0.43,1kf2_I81V,1kf2,I81V,81,I,V,0.428033
3.54,1kf2_Y97F,1kf2,Y97F,97,Y,F,0.474041
4.37,1kf2_I106A,1kf2,I106A,106,I,A,4.00095
1.79,1kf2_I106L,1kf2,I106L,106,I,L,1.11814
0.8,1kf2_I106V,1kf2,I106V,106,I,V,0.9540379999999999
2.84,1kf2_I107A,1kf2,I107A,107,I,A,3.0834
2.19,1kf2_I107L,1kf2,I107L,107,I,L,0.630784
0.08,1kf2_I107V,1kf2,I107V,107,I,V,0.48583000000000004
4.2,1kf2_V108A,1kf2,V108A,108,V,A,3.1368099999999997
0.43,1kf2_V108I,1kf2,V108I,108,V,I,0.41114399999999995
0.7,1kf2_V108L,1kf2,V108L,108,V,L,-0.400904
0.43,1kf2_A109G,1kf2,A109G,109,A,G,1.38036
0.66,1kf2_V116A,1kf2,V116A,116,V,A,1.30493
1.18,1kf2_V116G,1kf2,V116G,116,V,G,1.9908
1.92,1kf2_V118A,1kf2,V118A,118,V,A,1.6763099999999997
2.77,1kf2_V118G,1kf2,V118G,118,V,G,2.50125
3.2,1kf3_F46L,1kf3,F46L,46,F,L,1.46733
4.54,1kf3_F46V,1kf3,F46V,46,F,V,2.98027
-0.61,1kf3_N67D,1kf3,N67D,67,N,D,0.989699
2.5,1kf3_S75A,1kf3,S75A,75,S,A,0.553772
2.8,1kf3_S75T,1kf3,S75T,75,S,T,2.04637
2.2,1kf3_P93G,1kf3,P93G,93,P,G,1.23338
3.3,1kf3_P114G,1kf3,P114G,114,P,G,1.5754700000000001
0.51,1kf5_A4S,1kf5,A4S,4,A,S,0.644357
0.37,1kf5_A5S,1kf5,A5S,5,A,S,0.277395
-0.46,1kf5_S123A,1kf5,S123A,123,S,A,0.183385
-0.5,1kfw_G92P,1kfw,G92P,92,G,P,-1.5775299999999999
-0.8,1kfw_N197K,1kfw,N197K,197,N,K,-0.420325
-0.62,1kfw_G405Q,1kfw,G405Q,405,G,Q,2.2400599999999997
1.22,1l63_M6A,1l63,M6A,6,M,A,0.87534
4.98,1l63_M6L,1l63,M6L,6,M,L,0.17382999999999998
2.26,1l63_L7A,1l63,L7A,7,L,A,0.48878999999999995
0.71,1l63_E11H,1l63,E11H,11,E,H,2.66242
1.43,1l63_E11N,1l63,E11N,11,E,N,-0.847748
0.03,1l63_R14K,1l63,R14K,14,R,K,0.260444
4.21,1l63_I17A,1l63,I17A,17,I,A,2.59203
3.28,1l63_I17M,1l63,I17M,17,I,M,0.735539
0.5,1l63_D20A,1l63,D20A,20,D,A,1.4412200000000002
-1.11,1l63_D20N,1l63,D20N,20,D,N,-1.4385
0.18,1l63_D20S,1l63,D20S,20,D,S,1.09995
-0.58,1l63_D20T,1l63,D20T,20,D,T,2.67829
-0.57,1l63_E22K,1l63,E22K,22,E,K,-0.18562
-0.57,1l63_T26S,1l63,T26S,26,T,S,0.957031
3.1,1l63_I27A,1l63,I27A,27,I,A,3.0655099999999997
7.09,1l63_I27M,1l63,I27M,27,I,M,2.59085
2.2,1l63_G28A,1l63,G28A,28,G,A,3.82194
2.6,1l63_I29A,1l63,I29A,29,I,A,2.74076
5.17,1l63_L33A,1l63,L33A,33,L,A,3.4715
2.64,1l63_L33M,1l63,L33M,33,L,M,0.03657609999999999
0.0,1l63_S38N,1l63,S38N,38,S,N,-0.19331900000000002
0.9,1l63_L39A,1l63,L39A,39,L,A,1.42371
0.17,1l63_N40A,1l63,N40A,40,N,A,-0.294039
-0.44,1l63_N40D,1l63,N40D,40,N,D,-1.3852200000000001
-0.29,1l63_A41D,1l63,A41D,41,A,D,-0.659904
0.76,1l63_A41S,1l63,A41S,41,A,S,0.692181
5.18,1l63_A42F,1l63,A42F,42,A,F,27.9372
4.4,1l63_A42I,1l63,A42I,42,A,I,6.57481
5.1,1l63_A42L,1l63,A42L,42,A,L,6.24413
3.7,1l63_A42K,1l63,A42K,42,A,K,12.6958
3.54,1l63_A42V,1l63,A42V,42,A,V,3.8696599999999997
2.56,1l63_A42S,1l63,A42S,42,A,S,0.8313219999999999
2.17,1l63_K43A,1l63,K43A,43,K,A,0.762836
-0.43,1l63_S44A,1l63,S44A,44,S,A,-0.52427
0.11,1l63_S44C,1l63,S44C,44,S,C,0.45403999999999994
0.11,1l63_S44D,1l63,S44D,44,S,D,0.29081399999999996
0.0,1l63_S44E,1l63,S44E,44,S,E,-0.296902
-0.06,1l63_S44F,1l63,S44F,44,S,F,-0.553902
0.53,1l63_S44G,1l63,S44G,44,S,G,0.46862700000000007
-0.04,1l63_S44H,1l63,S44H,44,S,H,-0.10703800000000001
-0.31,1l63_S44I,1l63,S44I,44,S,I,0.75576
-0.2,1l63_S44K,1l63,S44K,44,S,K,-0.506347
-0.39,1l63_S44L,1l63,S44L,44,S,L,-0.6628149999999999
-0.33,1l63_S44M,1l63,S44M,44,S,M,-0.531021
0.14,1l63_S44N,1l63,S44N,44,S,N,-0.334418
3.03,1l63_S44P,1l63,S44P,44,S,P,4.0464400000000005
-0.27,1l63_S44Q,1l63,S44Q,44,S,Q,-0.07327539999999999
-0.24,1l63_S44R,1l63,S44R,44,S,R,-0.547998
-0.01,1l63_S44T,1l63,S44T,44,S,T,1.43082
-0.1,1l63_S44V,1l63,S44V,44,S,V,1.30231
-0.05,1l63_S44W,1l63,S44W,44,S,W,-0.503293
-0.19,1l63_S44Y,1l63,S44Y,44,S,Y,-0.7715810000000001
0.33,1l63_E45A,1l63,E45A,45,E,A,-0.31768
4.21,1l63_L46A,1l63,L46A,46,L,A,3.24942
1.64,1l63_D47A,1l63,D47A,47,D,A,1.7092
1.92,1l63_K48A,1l63,K48A,48,K,A,0.059963999999999996
0.42,1l63_A49S,1l63,A49S,49,A,S,0.304259
1.75,1l63_I50A,1l63,I50A,50,I,A,2.0355
1.19,1l63_I50M,1l63,I50M,50,I,M,0.264335
3.2,1l63_I58A,1l63,I58A,58,I,A,3.60258
3.4,1l63_I58T,1l63,I58T,58,I,T,2.96766
1.5,1l63_T59A,1l63,T59A,59,T,A,0.184608
1.2,1l63_T59D,1l63,T59D,59,T,D,-1.95183
1.6,1l63_T59G,1l63,T59G,59,T,G,-0.36145
1.1,1l63_T59N,1l63,T59N,59,T,N,-0.469513
0.2,1l63_T59S,1l63,T59S,59,T,S,-1.07606
1.5,1l63_T59V,1l63,T59V,59,T,V,1.38719
0.1,1l63_K60H,1l63,K60H,60,K,H,0.7799020000000001
5.08,1l63_L66A,1l63,L66A,66,L,A,2.35837
1.03,1l63_L66M,1l63,L66M,66,L,M,-0.45674799999999993
1.9,1l63_F67A,1l63,F67A,67,F,A,4.4012400000000005
2.9,1l63_Q69P,1l63,Q69P,69,Q,P,1.8766900000000002
1.5,1l63_V71A,1l63,V71A,71,V,A,2.5023299999999997
2.7,1l63_D72P,1l63,D72P,72,D,P,2.15481
0.31,1l63_A73S,1l63,A73S,73,A,S,0.5504100000000001
4.6,1l63_A74P,1l63,A74P,74,A,P,4.1249400000000005
0.49,1l63_V75T,1l63,V75T,75,V,T,0.304467
0.57,1l63_I78A,1l63,I78A,78,I,A,3.57035
1.62,1l63_I78M,1l63,I78M,78,I,M,0.130378
0.68,1l63_I78V,1l63,I78V,78,I,V,1.08182
0.17,1l63_R80K,1l63,R80K,80,R,K,0.34076100000000004
0.2,1l63_A82S,1l63,A82S,82,A,S,0.22418200000000002
0.4,1l63_K83H,1l63,K83H,83,K,H,0.46079499999999995
3.53,1l63_L84A,1l63,L84A,84,L,A,4.09854
2.42,1l63_L84M,1l63,L84M,84,L,M,0.424727
0.57,1l63_V87A,1l63,V87A,87,V,A,1.9925
0.63,1l63_V87I,1l63,V87I,87,V,I,-0.6062029999999999
2.16,1l63_V87M,1l63,V87M,87,V,M,-0.030515300000000002
1.17,1l63_V87T,1l63,V87T,87,V,T,1.38765
1.1,1l63_S90H,1l63,S90H,90,S,H,0.33281
2.22,1l63_L91A,1l63,L91A,91,L,A,3.29041
0.66,1l63_L91M,1l63,L91M,91,L,M,0.23831799999999997
1.4,1l63_D92N,1l63,D92N,92,D,N,4.96011
0.14,1l63_A93S,1l63,A93S,93,A,S,0.401358
-0.06,1l63_A93T,1l63,A93T,93,A,T,0.339036
1.8,1l63_V94A,1l63,V94A,94,V,A,1.072
2.08,1l63_A98S,1l63,A98S,98,A,S,0.837931
1.06,1l63_A98C,1l63,A98C,98,A,C,2.6701599999999996
4.0,1l63_A98M,1l63,A98M,98,A,M,10.1556
4.43,1l63_A98V,1l63,A98V,98,A,V,4.32218
3.34,1l63_L99A,1l63,L99A,99,L,A,3.42841
0.3,1l63_L99F,1l63,L99F,99,L,F,0.877875
1.5,1l63_L99I,1l63,L99I,99,L,I,2.23643
-0.41,1l63_L99M,1l63,L99M,99,L,M,-0.403991
2.0,1l63_L99V,1l63,L99V,99,L,V,2.28064
1.7,1l63_I100A,1l63,I100A,100,I,A,2.92529
0.8,1l63_I100M,1l63,I100M,100,I,M,0.58338
0.4,1l63_I100V,1l63,I100V,100,I,V,0.909062
1.5,1l63_N101A,1l63,N101A,101,N,A,1.70108
2.76,1l63_M102A,1l63,M102A,102,M,A,4.15321
1.71,1l63_M102L,1l63,M102L,102,M,L,2.1348
1.11,1l63_V103A,1l63,V103A,103,V,A,1.81951
0.26,1l63_V103I,1l63,V103I,103,V,I,-0.127986
1.6,1l63_V103M,1l63,V103M,103,V,M,-0.00507166
2.62,1l63_F104A,1l63,F104A,104,F,A,3.24568
1.08,1l63_F104M,1l63,F104M,104,F,M,0.403541
1.2,1l63_Q105M,1l63,Q105M,105,Q,M,-1.36211
2.0,1l63_M106A,1l63,M106A,106,M,A,3.65414
-0.02,1l63_M106I,1l63,M106I,106,M,I,2.1111400000000002
3.5,1l63_M106K,1l63,M106K,106,M,K,2.5845599999999997
0.0,1l63_M106L,1l63,M106L,106,M,L,0.42641999999999997
-0.26,1l63_E108V,1l63,E108V,108,E,V,0.8918299999999999
-0.6,1l63_T109D,1l63,T109D,109,T,D,-0.8646
-0.1,1l63_T109N,1l63,T109N,109,T,N,0.290842
0.94,1l63_V111A,1l63,V111A,111,V,A,2.4461
1.69,1l63_V111F,1l63,V111F,111,V,F,6.91825
0.85,1l63_V111I,1l63,V111I,111,V,I,-0.65383
0.43,1l63_V111M,1l63,V111M,111,V,M,-1.08187
-0.3,1l63_G113E,1l63,G113E,113,G,E,0.8007029999999999
0.14,1l63_T115A,1l63,T115A,115,T,A,0.053270500000000005
-0.17,1l63_N116A,1l63,N116A,116,N,A,-0.529822
-1.27,1l63_S117A,1l63,S117A,117,S,A,-1.3698299999999999
-1.1,1l63_S117F,1l63,S117F,117,S,F,5.594469999999999
2.71,1l63_L118A,1l63,L118A,118,L,A,3.1266599999999998
1.18,1l63_L118I,1l63,L118I,118,L,I,1.54274
0.08,1l63_L118M,1l63,L118M,118,L,M,-0.48087299999999994
0.18,1l63_R119A,1l63,R119A,119,R,A,0.48533999999999994
0.29,1l63_R119H,1l63,R119H,119,R,H,0.6374989999999999
0.2,1l63_M120A,1l63,M120A,120,M,A,1.24854
1.98,1l63_M120K,1l63,M120K,120,M,K,0.585868
-0.42,1l63_M120L,1l63,M120L,120,M,L,-0.205893
0.72,1l63_M120Y,1l63,M120Y,120,M,Y,0.318515
2.67,1l63_L121A,1l63,L121A,121,L,A,3.66891
0.21,1l63_L121M,1l63,L121M,121,L,M,-0.42548
0.24,1l63_Q122A,1l63,Q122A,122,Q,A,0.515084
0.22,1l63_Q123A,1l63,Q123A,123,Q,A,-0.472652
1.93,1l63_A129L,1l63,A129L,129,A,L,2.10385
2.53,1l63_A129M,1l63,A129M,129,A,M,0.546032
1.85,1l63_A129F,1l63,A129F,129,A,F,12.7456
3.2,1l63_A129W,1l63,A129W,129,A,W,21.8007
0.81,1l63_A130S,1l63,A130S,130,A,S,-0.12953199999999998
7.52,1l63_L133D,1l63,L133D,133,L,D,3.35315
0.27,1l63_L133F,1l63,L133F,133,L,F,-0.795905
0.27,1l63_L133M,1l63,L133M,133,L,M,-0.39429699999999995
0.21,1l63_A134S,1l63,A134S,134,A,S,-0.0458205
-0.3,1l63_N144H,1l63,N144H,144,N,H,-0.5122899999999999
-0.5,1l63_N144E,1l63,N144E,144,N,E,-1.4150399999999999
0.71,1l63_V149A,1l63,V149A,149,V,A,1.97049
2.0,1l63_V149C,1l63,V149C,149,V,C,2.00029
4.9,1l63_V149G,1l63,V149G,149,V,G,3.8469599999999997
0.48,1l63_V149I,1l63,V149I,149,V,I,-0.6662020000000001
2.44,1l63_V149M,1l63,V149M,149,V,M,-0.058011
4.4,1l63_V149S,1l63,V149S,149,V,S,3.68566
3.0,1l63_V149T,1l63,V149T,149,V,T,2.18752
-0.39,1l63_T151S,1l63,T151S,151,T,S,0.558489
1.5,1l63_T152A,1l63,T152A,152,T,A,-0.000554724
0.5,1l63_T152C,1l63,T152C,152,T,C,0.039349199999999994
0.4,1l63_T152I,1l63,T152I,152,T,I,-1.45874
2.0,1l63_T152S,1l63,T152S,152,T,S,1.11733
-0.2,1l63_T152V,1l63,T152V,152,T,V,-1.7624
2.84,1l63_F153A,1l63,F153A,153,F,A,4.06351
0.2,1l63_F153I,1l63,F153I,153,F,I,2.00393
-0.3,1l63_F153L,1l63,F153L,153,F,L,0.95821
0.3,1l63_F153M,1l63,F153M,153,F,M,1.0720399999999999
1.8,1l63_F153V,1l63,F153V,153,F,V,3.82878
1.8,1lhm_V2A,1lhm,V2A,2,V,A,0.440539
0.37,1lhm_I23V,1lhm,I23V,23,I,V,1.2119799999999998
1.18,1lhm_I56V,1lhm,I56V,56,I,V,1.31597
1.06,1lhm_I59A,1lhm,I59A,59,I,A,3.26208
1.2,1lhm_I59V,1lhm,I59V,59,I,V,1.2277799999999999
0.67,1lhm_V74A,1lhm,V74A,74,V,A,0.46528800000000003
0.67,1lhm_I89V,1lhm,I89V,89,I,V,1.35146
0.79,1lhm_V93A,1lhm,V93A,93,V,A,1.9264
1.21,1lhm_V99A,1lhm,V99A,99,V,A,1.7889
1.08,1lhm_V100A,1lhm,V100A,100,V,A,2.5988599999999997
1.31,1lhm_I106V,1lhm,I106V,106,I,V,1.4272200000000002
-0.12,1lhm_V110A,1lhm,V110A,110,V,A,-0.13833499999999999
1.96,1lhm_V121A,1lhm,V121A,121,V,A,0.78691
1.06,1lhm_V125A,1lhm,V125A,125,V,A,2.15475
0.93,1lhm_V130A,1lhm,V130A,130,V,A,1.54346
0.9,1lni_V2T,1lni,V2T,2,V,T,0.50247
0.0,1lni_T5V,1lni,T5V,5,T,V,0.150523
-0.3,1lni_T16V,1lni,T16V,16,T,V,-0.0565645
1.4,1lni_T18V,1lni,T18V,18,T,V,0.456438
-0.9,1lni_D25K,1lni,D25K,25,D,K,-1.23413
4.05,1lni_D33A,1lni,D33A,33,D,A,2.39204
1.3,1lni_V36T,1lni,V36T,36,V,T,1.3755899999999999
-1.0,1lni_Q38A,1lni,Q38A,38,Q,A,0.204158
2.2,1lni_N39A,1lni,N39A,39,N,A,1.83703
1.5,1lni_N39D,1lni,N39D,39,N,D,3.6069
2.3,1lni_N39S,1lni,N39S,39,N,S,3.13247
0.7,1lni_E41K,1lni,E41K,41,E,K,-0.53578
0.5,1lni_V43T,1lni,V43T,43,V,T,0.62254
1.7,1lni_E54Q,1lni,E54Q,54,E,Q,2.0285
1.9,1lni_T56V,1lni,T56V,56,T,V,3.29596
4.4,1lni_V57T,1lni,V57T,57,V,T,2.59504
1.7,1lni_T59V,1lni,T59V,59,T,V,-0.9028010000000001
1.0,1lni_R65A,1lni,R65A,65,R,A,2.95008
0.0,1lni_T67V,1lni,T67V,67,T,V,-0.163702
0.2,1lni_T72V,1lni,T72V,72,T,V,-0.515265
-1.1,1lni_E74K,1lni,E74K,74,E,K,-0.0875734
-1.47,1lni_D79A,1lni,D79A,79,D,A,-0.827569
-1.26,1lni_D79E,1lni,D79E,79,D,E,0.05831030000000001
-1.06,1lni_D79F,1lni,D79F,79,D,F,-2.96467
-1.21,1lni_D79H,1lni,D79H,79,D,H,-0.674443
-1.02,1lni_D79I,1lni,D79I,79,D,I,-2.4321900000000003
-0.73,1lni_D79K,1lni,D79K,79,D,K,-2.1774299999999998
0.39,1lni_D79L,1lni,D79L,79,D,L,-1.35358
-1.21,1lni_D79N,1lni,D79N,79,D,N,-0.200523
0.19,1lni_D79R,1lni,D79R,79,D,R,-1.6824700000000001
-0.73,1lni_D79W,1lni,D79W,79,D,W,-1.60414
-0.53,1lni_D79Y,1lni,D79Y,79,D,Y,-2.6350700000000002
1.7,1lni_T82V,1lni,T82V,82,T,V,4.20673
0.0,1lni_H85Q,1lni,H85Q,85,H,Q,-0.105433
-0.49,1lni_Q94K,1lni,Q94K,94,Q,K,-0.6042850000000001
2.3,1lz1_K1A,1lz1,K1A,1,K,A,0.7814810000000001
1.39,1lz1_K1M,1lz1,K1M,1,K,M,0.281432
0.76,1lz1_V2A,1lz1,V2A,2,V,A,0.545678
0.84,1lz1_V2D,1lz1,V2D,2,V,D,0.1717
0.84,1lz1_V2F,1lz1,V2F,2,V,F,0.154228
1.3,1lz1_V2G,1lz1,V2G,2,V,G,0.785263
0.41,1lz1_V2I,1lz1,V2I,2,V,I,0.303806
-0.31,1lz1_V2L,1lz1,V2L,2,V,L,0.260494
0.22,1lz1_V2M,1lz1,V2M,2,V,M,0.121111
0.77,1lz1_V2N,1lz1,V2N,2,V,N,0.787895
0.64,1lz1_V2R,1lz1,V2R,2,V,R,0.269619
0.81,1lz1_V2S,1lz1,V2S,2,V,S,0.6946100000000001
1.6,1lz1_V2Y,1lz1,V2Y,2,V,Y,0.012453
1.43,1lz1_E7Q,1lz1,E7Q,7,E,Q,0.732097
2.24,1lz1_L8T,1lz1,L8T,8,L,T,0.95405
0.18,1lz1_A9S,1lz1,A9S,9,A,S,0.846339
0.0,1lz1_T11A,1lz1,T11A,11,T,A,-0.044838199999999995
-0.07,1lz1_T11V,1lz1,T11V,11,T,V,-1.19681
1.69,1lz1_G16A,1lz1,G16A,16,G,A,2.68927
1.7,1lz1_D18N,1lz1,D18N,18,D,N,0.797658
1.04,1lz1_G19A,1lz1,G19A,19,G,A,3.50179
0.42,1lz1_Y20F,1lz1,Y20F,20,Y,F,-0.262921
1.48,1lz1_R21A,1lz1,R21A,21,R,A,0.162986
0.72,1lz1_R21G,1lz1,R21G,21,R,G,0.80706
3.48,1lz1_G22A,1lz1,G22A,22,G,A,2.66965
0.73,1lz1_I23A,1lz1,I23A,23,I,A,3.42214
0.36,1lz1_I23V,1lz1,I23V,23,I,V,1.30477
0.46,1lz1_S24A,1lz1,S24A,24,S,A,0.160501
1.13,1lz1_A32L,1lz1,A32L,32,A,L,4.75992
0.67,1lz1_A32S,1lz1,A32S,32,A,S,0.8359280000000001
0.74,1lz1_E35L,1lz1,E35L,35,E,L,-2.6886099999999997
0.46,1lz1_S36A,1lz1,S36A,36,S,A,1.23118
0.74,1lz1_G37A,1lz1,G37A,37,G,A,2.92455
-0.18,1lz1_G37Q,1lz1,G37Q,37,G,Q,2.32558
2.77,1lz1_Y38A,1lz1,Y38A,38,Y,A,3.6745400000000004
-0.56,1lz1_Y38F,1lz1,Y38F,38,Y,F,-0.49295600000000006
2.54,1lz1_Y38G,1lz1,Y38G,38,Y,G,2.39787
1.24,1lz1_T40A,1lz1,T40A,40,T,A,-0.838033
1.02,1lz1_T40V,1lz1,T40V,40,T,V,-0.525291
-0.16,1lz1_T43A,1lz1,T43A,43,T,A,0.737124
0.27,1lz1_T43V,1lz1,T43V,43,T,V,-0.42960600000000004
-0.98,1lz1_Y45F,1lz1,Y45F,45,Y,F,-0.740398
0.02,1lz1_A47P,1lz1,A47P,47,A,P,-1.00295
1.53,1lz1_G48A,1lz1,G48A,48,G,A,-0.059514300000000006
1.0,1lz1_D49N,1lz1,D49N,49,D,N,0.8541489999999999
0.63,1lz1_R50A,1lz1,R50A,50,R,A,0.707431
1.08,1lz1_R50G,1lz1,R50G,50,R,G,-1.53673
-0.01,1lz1_S51A,1lz1,S51A,51,S,A,0.8428709999999999
-0.38,1lz1_T52A,1lz1,T52A,52,T,A,0.528746
0.44,1lz1_T52V,1lz1,T52V,52,T,V,-0.7952600000000001
0.98,1lz1_Y54F,1lz1,Y54F,54,Y,F,0.8251290000000001
2.32,1lz1_I56A,1lz1,I56A,56,I,A,3.35689
3.54,1lz1_I56F,1lz1,I56F,56,I,F,5.84799
0.41,1lz1_I56L,1lz1,I56L,56,I,L,-0.125384
1.49,1lz1_I56M,1lz1,I56M,56,I,M,-0.625992
2.31,1lz1_I56T,1lz1,I56T,56,I,T,3.48801
0.0,1lz1_I56V,1lz1,I56V,56,I,V,1.4720799999999998
1.23,1lz1_Q58A,1lz1,Q58A,58,Q,A,1.02461
-1.61,1lz1_Q58G,1lz1,Q58G,58,Q,G,0.147878
0.36,1lz1_I59A,1lz1,I59A,59,I,A,2.93494
0.67,1lz1_I59F,1lz1,I59F,59,I,F,6.140619999999999
2.17,1lz1_I59G,1lz1,I59G,59,I,G,4.36538
-0.7,1lz1_I59L,1lz1,I59L,59,I,L,-0.5462279999999999
0.8,1lz1_I59M,1lz1,I59M,59,I,M,-0.38862800000000003
2.05,1lz1_I59S,1lz1,I59S,59,I,S,4.11903
1.0,1lz1_I59T,1lz1,I59T,59,I,T,3.08685
1.19,1lz1_I59V,1lz1,I59V,59,I,V,1.17844
3.16,1lz1_I59Y,1lz1,I59Y,59,I,Y,12.6479
0.5,1lz1_S61A,1lz1,S61A,61,S,A,0.808072
0.35,1lz1_Y63F,1lz1,Y63F,63,Y,F,-0.43286199999999997
2.25,1lz1_D67N,1lz1,D67N,67,D,N,3.2768699999999997
0.97,1lz1_G68A,1lz1,G68A,68,G,A,2.15667
0.58,1lz1_T70A,1lz1,T70A,70,T,A,2.4509
0.62,1lz1_T70V,1lz1,T70V,70,T,V,1.74144
0.51,1lz1_P71G,1lz1,P71G,71,P,G,1.1688
0.31,1lz1_G72A,1lz1,G72A,72,G,A,3.313
-0.07,1lz1_V74A,1lz1,V74A,74,V,A,-0.51605
0.98,1lz1_V74D,1lz1,V74D,74,V,D,-0.606412
0.04,1lz1_V74F,1lz1,V74F,74,V,F,-1.27874
0.25,1lz1_V74G,1lz1,V74G,74,V,G,-0.0744174
1.93,1lz1_V74I,1lz1,V74I,74,V,I,-0.269617
0.4,1lz1_V74L,1lz1,V74L,74,V,L,-1.49142
0.35,1lz1_V74M,1lz1,V74M,74,V,M,0.40763499999999997
-1.16,1lz1_V74N,1lz1,V74N,74,V,N,-0.722105
1.44,1lz1_V74R,1lz1,V74R,74,V,R,-1.09194
0.0,1lz1_V74S,1lz1,V74S,74,V,S,-0.16641199999999998
1.13,1lz1_V74Y,1lz1,V74Y,74,V,Y,-1.10169
1.2,1lz1_H78A,1lz1,H78A,78,H,A,0.27176999999999996
0.76,1lz1_H78G,1lz1,H78G,78,H,G,0.000663543
-0.82,1lz1_S80A,1lz1,S80A,80,S,A,0.43074300000000004
-0.98,1lz1_S82A,1lz1,S82A,82,S,A,0.188871
1.73,1lz1_I89A,1lz1,I89A,89,I,A,3.6069199999999997
0.67,1lz1_I89V,1lz1,I89V,89,I,V,1.91379
0.7,1lz1_D91P,1lz1,D91P,91,D,P,-0.9692799999999999
2.2,1lz1_A92S,1lz1,A92S,92,A,S,0.511407
0.46,1lz1_V93A,1lz1,V93A,93,V,A,1.94672
0.78,1lz1_V93T,1lz1,V93T,93,V,T,1.96376
1.15,1lz1_A96M,1lz1,A96M,96,A,M,5.14759
0.98,1lz1_A96S,1lz1,A96S,96,A,S,0.730591
0.72,1lz1_V99A,1lz1,V99A,99,V,A,2.13832
0.89,1lz1_V99T,1lz1,V99T,99,V,T,1.29043
-0.82,1lz1_V100A,1lz1,V100A,100,V,A,2.28871
2.42,1lz1_V100F,1lz1,V100F,100,V,F,8.32225
0.82,1lz1_V100T,1lz1,V100T,100,V,T,1.49443
0.67,1lz1_D102N,1lz1,D102N,102,D,N,0.122385
0.07,1lz1_P103G,1lz1,P103G,103,P,G,1.27714
1.06,1lz1_G105A,1lz1,G105A,105,G,A,3.75915
0.8,1lz1_I106A,1lz1,I106A,106,I,A,3.4026699999999996
1.31,1lz1_I106V,1lz1,I106V,106,I,V,1.2606600000000001
-1.24,1lz1_V110A,1lz1,V110A,110,V,A,-0.304757
2.6,1lz1_V110D,1lz1,V110D,110,V,D,-1.12224
1.88,1lz1_V110F,1lz1,V110F,110,V,F,-0.47257200000000005
2.18,1lz1_V110G,1lz1,V110G,110,V,G,-0.373838
0.81,1lz1_V110I,1lz1,V110I,110,V,I,-0.111875
-0.08,1lz1_V110L,1lz1,V110L,110,V,L,-0.487046
-0.35,1lz1_V110M,1lz1,V110M,110,V,M,-0.590386
0.48,1lz1_V110N,1lz1,V110N,110,V,N,-0.565753
-0.16,1lz1_V110P,1lz1,V110P,110,V,P,-1.9458799999999998
1.58,1lz1_V110R,1lz1,V110R,110,V,R,-0.200712
0.84,1lz1_V110Y,1lz1,V110Y,110,V,Y,-0.352555
0.26,1lz1_N118A,1lz1,N118A,118,N,A,0.337429
1.68,1lz1_N118G,1lz1,N118G,118,N,G,-0.447431
0.67,1lz1_D120N,1lz1,D120N,120,D,N,1.53264
0.9,1lz1_V121A,1lz1,V121A,121,V,A,1.3112700000000002
-0.15,1lz1_Y124F,1lz1,Y124F,124,Y,F,0.256905
0.04,1lz1_V125A,1lz1,V125A,125,V,A,1.8951799999999999
0.5,1lz1_G127A,1lz1,G127A,127,G,A,2.48513
0.94,1lz1_G129A,1lz1,G129A,129,G,A,2.74478
0.5,1lz1_V130A,1lz1,V130A,130,V,A,1.6653799999999999
-0.2,1mjc_Y42W,1mjc,Y42W,42,Y,W,0.40886999999999996
0.2,1mjc_S52W,1mjc,S52W,52,S,W,7.68387
-0.7,1mjc_T68W,1mjc,T68W,68,T,W,-0.056481899999999995
2.22,1onc_M23L,1onc,M23L,23,M,L,-0.116247
5.04,1onc_F28A,1onc,F28A,28,F,A,4.1319
4.92,1onc_F28T,1onc,F28T,28,F,T,6.56005
3.7,1onc_F36Y,1onc,F36Y,36,F,Y,-0.229625
2.7,1pga_T2P,1pga,T2P,2,T,P,0.215273
1.53,1pga_I6N,1pga,I6N,6,I,N,0.5371600000000001
1.6,1pga_I6T,1pga,I6T,6,I,T,0.32497
2.4,1pga_G9P,1pga,G9P,9,G,P,0.57225
0.2,1pga_K10P,1pga,K10P,10,K,P,0.43743999999999994
-0.5,1pga_V21P,1pga,V21P,21,V,P,-1.31218
0.3,1pga_A23P,1pga,A23P,23,A,P,-1.5447600000000001
0.5,1pga_A24P,1pga,A24P,24,A,P,-0.28484
0.7,1pga_A48P,1pga,A48P,48,A,P,-0.334474
-1.01,1pga_T53F,1pga,T53F,53,T,F,0.8658399999999999
0.3,1pga_T53I,1pga,T53I,53,T,I,-1.7049599999999998
0.8,1pga_T53V,1pga,T53V,53,T,V,-1.25481
-0.5,1pga_T53Y,1pga,T53Y,53,T,Y,1.38239
-1.6,1poh_K49A,1poh,K49A,49,K,A,0.20156
-1.8,1poh_K49D,1poh,K49D,49,K,D,0.955993
-2.1,1poh_K49E,1poh,K49E,49,K,E,-0.300706
-1.2,1poh_K49G,1poh,K49G,49,K,G,0.9205959999999999
-1.0,1poh_K49M,1poh,K49M,49,K,M,-0.440266
-0.4,1poh_K49N,1poh,K49N,49,K,N,0.214612
-1.5,1poh_K49Q,1poh,K49Q,49,K,Q,-0.24535300000000002
0.2,1poh_K49R,1poh,K49R,49,K,R,0.0111719
-1.2,1poh_K49S,1poh,K49S,49,K,S,0.812096
2.52,1rbp_W24F,1rbp,W24F,24,W,F,1.98107
2.6,1rbp_W24L,1rbp,W24L,24,W,L,1.92641
2.2,1rbp_W24Y,1rbp,W24Y,24,W,Y,2.38381
0.1,1rbp_W91H,1rbp,W91H,91,W,H,2.43819
0.44,1rbp_W105F,1rbp,W105F,105,W,F,0.712925
2.6,1rbp_R139Q,1rbp,R139Q,139,R,Q,3.50864
2.34,1rn1_V16A,1rn1,V16A,16,V,A,2.77788
4.99,1rn1_V16C,1rn1,V16C,16,V,C,2.76467
4.69,1rn1_V16S,1rn1,V16S,16,V,S,3.58301
3.65,1rn1_V16T,1rn1,V16T,16,V,T,2.0103
-1.24,1rn1_Y24W,1rn1,Y24W,24,Y,W,1.15642
-1.4,1rn1_Q25K,1rn1,Q25K,25,Q,K,-0.312604
0.26,1rn1_H40T,1rn1,H40T,40,H,T,1.73594
0.14,1rn1_Y42W,1rn1,Y42W,42,Y,W,5.73698
1.6,1rn1_N44A,1rn1,N44A,44,N,A,1.29488
1.6,1rn1_N44D,1rn1,N44D,44,N,D,1.15891
1.5,1rn1_N44S,1rn1,N44S,44,N,S,2.30456
-0.5,1rn1_D49A,1rn1,D49A,49,D,A,0.055445400000000006
0.4,1rn1_D49F,1rn1,D49F,49,D,F,0.0385449
-1.1,1rn1_D49H,1rn1,D49H,49,D,H,-0.0196051
0.5,1rn1_D49Y,1rn1,D49Y,49,D,Y,0.0500155
0.9,1rn1_D49W,1rn1,D49W,49,D,W,0.105807
1.0,1rn1_E58A,1rn1,E58A,58,E,A,1.42707
0.93,1rn1_W59Y,1rn1,W59Y,59,W,Y,0.500484
3.8,1rn1_D76A,1rn1,D76A,76,D,A,0.265943
3.1,1rn1_D76N,1rn1,D76N,76,D,N,0.662462
3.1,1rn1_D76S,1rn1,D76S,76,D,S,-0.510472
4.08,1rn1_V78A,1rn1,V78A,78,V,A,2.80333
4.87,1rn1_V78S,1rn1,V78S,78,V,S,4.5155
3.59,1rn1_V78T,1rn1,V78T,78,V,T,2.71172
3.54,1rn1_V89C,1rn1,V89C,89,V,C,1.9504
3.07,1rn1_V89T,1rn1,V89T,89,V,T,1.7483799999999998
1.53,1rn1_H92A,1rn1,H92A,92,H,A,-0.22056199999999998
0.74,1rro_P21A,1rro,P21A,21,P,A,1.21054
0.74,1rro_P26A,1rro,P26A,26,P,A,2.16928
1.34,1shf_F87A,1shf,F87A,87,F,A,3.61879
1.99,1shf_F87L,1shf,F87L,87,F,L,1.10884
0.47,1shf_F87V,1shf,F87V,87,F,V,1.35204
1.56,1shf_A89G,1shf,A89G,89,A,G,1.63068
1.26,1shf_A89S,1shf,A89S,89,A,S,0.770123
1.2,1shf_L101F,1shf,L101F,101,L,F,0.42126899999999995
0.69,1shf_L101I,1shf,L101I,101,L,I,1.28449
1.63,1shf_L101V,1shf,L101V,101,L,V,1.9223
1.11,1shf_F103L,1shf,F103L,103,F,L,4.7301400000000005
1.88,1shf_F103V,1shf,F103V,103,F,V,3.45672
1.27,1shf_E107A,1shf,E107A,107,E,A,0.964728
-0.68,1shf_E107D,1shf,E107D,107,E,D,1.08016
1.63,1shf_E107F,1shf,E107F,107,E,F,6.4288
0.99,1shf_E107H,1shf,E107H,107,E,H,5.49319
0.97,1shf_E107K,1shf,E107K,107,E,K,0.693281
1.71,1shf_E107P,1shf,E107P,107,E,P,8.109210000000001
0.74,1shf_E107Q,1shf,E107Q,107,E,Q,1.13932
1.64,1shf_E107S,1shf,E107S,107,E,S,1.46759
0.6,1shf_E107T,1shf,E107T,107,E,T,0.557967
2.0,1shf_E107V,1shf,E107V,107,E,V,0.028459699999999997
2.4,1shf_E107Y,1shf,E107Y,107,E,Y,11.9856
1.99,1shf_F109I,1shf,F109I,109,F,I,2.99628
0.76,1shf_F109L,1shf,F109L,109,F,L,1.73063
2.11,1shf_F109V,1shf,F109V,109,F,V,2.6156099999999998
1.01,1shf_I111L,1shf,I111L,111,I,L,-0.177721
0.16,1shf_I111V,1shf,I111V,111,I,V,1.1748100000000001
0.55,1shf_W120F,1shf,W120F,120,W,F,2.00752
0.4,1shf_W120L,1shf,W120L,120,W,L,0.37385799999999997
0.99,1shf_W120V,1shf,W120V,120,W,V,1.15891
1.35,1shf_A122G,1shf,A122G,122,A,G,1.77604
-0.18,1shf_A122V,1shf,A122V,122,A,V,-1.30634
0.71,1shf_S124A,1shf,S124A,124,S,A,0.630732
1.9,1shf_S124F,1shf,S124F,124,S,F,3.53189
1.25,1shf_S124H,1shf,S124H,124,S,H,2.78415
1.41,1shf_S124I,1shf,S124I,124,S,I,1.8611099999999998
-0.11,1shf_S124K,1shf,S124K,124,S,K,-1.12334
0.37,1shf_S124L,1shf,S124L,124,S,L,0.459059
0.73,1shf_S124N,1shf,S124N,124,S,N,1.7973299999999999
0.18,1shf_S124R,1shf,S124R,124,S,R,-1.0023600000000001
1.65,1shf_S124T,1shf,S124T,124,S,T,0.967924
1.1,1shf_S124V,1shf,S124V,124,S,V,1.6288799999999999
2.27,1shf_S124Y,1shf,S124Y,124,S,Y,7.463019999999999
0.75,1shf_I133L,1shf,I133L,133,I,L,0.370197
0.04,1shf_I133V,1shf,I133V,133,I,V,0.552158
2.13,1shf_V138A,1shf,V138A,138,V,A,2.9006
0.73,1shf_V138F,1shf,V138F,138,V,F,8.15732
-0.17,1shf_V138I,1shf,V138I,138,V,I,-0.227596
0.12,1shf_V138L,1shf,V138L,138,V,L,0.90222
0.46,1shg_N47A,1shg,N47A,47,N,A,1.6335
-1.05,1shg_D48G,1shg,D48G,48,D,G,-0.197821
0.55,1shg_A56G,1shg,A56G,56,A,G,0.46510100000000004
0.46,1shg_A56E,1shg,A56E,56,A,E,-0.405694
0.07,1shg_A56K,1shg,A56K,56,A,K,-0.496845
2.0,1tpk_V65A,1tpk,V65A,65,V,A,2.1636900000000003
-0.3,1tpk_V65I,1tpk,V65I,65,V,I,0.0809373
1.9,1tpk_V65L,1tpk,V65L,65,V,L,1.40314
2.2,1tpk_V65M,1tpk,V65M,65,V,M,3.9100900000000003
2.4,1tpk_V65S,1tpk,V65S,65,V,S,2.8467700000000002
1.0,1tpk_V65T,1tpk,V65T,65,V,T,2.10928
-0.18,1wq5_C81A,1wq5,C81A,81,C,A,-0.00953462
0.45,1wq5_C81G,1wq5,C81G,81,C,G,2.0486299999999997
-0.26,1wq5_C81S,1wq5,C81S,81,C,S,0.644907
1.71,1wq5_C81V,1wq5,C81V,81,C,V,-1.12429
-0.48,1wq5_P96A,1wq5,P96A,96,P,A,3.39325
0.09,1wq5_K109N,1wq5,K109N,109,K,N,1.18464
-1.07,1wq5_C118A,1wq5,C118A,118,C,A,0.037350699999999994
-1.24,1wq5_C118S,1wq5,C118S,118,C,S,1.40276
-1.19,1wq5_C118V,1wq5,C118V,118,C,V,0.698963
0.01,1wq5_P132A,1wq5,P132A,132,P,A,1.8257700000000001
0.75,1wq5_P132G,1wq5,P132G,132,P,G,2.45288
0.54,1wq5_C154A,1wq5,C154A,154,C,A,0.8279989999999999
1.4,1wq5_C154S,1wq5,C154S,154,C,S,1.96502
-0.91,1wq5_C154V,1wq5,C154V,154,C,V,0.128874
1.85,1wq5_P207A,1wq5,P207A,207,P,A,2.21431
-0.53,1wq5_G211E,1wq5,G211E,211,G,E,19.54
-0.53,1wq5_G211R,1wq5,G211R,211,G,R,17.6973
-0.35,1ycc_A7L,1ycc,A7L,7,A,L,0.396789
-0.27,1ycc_A7Y,1ycc,A7Y,7,A,Y,0.2541
0.91,1ycc_F10I,1ycc,F10I,10,F,I,4.88071
3.32,1ycc_F10M,1ycc,F10M,10,F,M,1.50557
1.34,1ycc_F10W,1ycc,F10W,10,F,W,2.5424700000000002
0.67,1ycc_F10Y,1ycc,F10Y,10,F,Y,0.11536199999999999
1.06,1ycc_V20C,1ycc,V20C,20,V,C,1.2599200000000002
-1.5,1ycc_T69E,1ycc,T69E,69,T,E,-0.7580100000000001
0.4,1ycc_K73I,1ycc,K73I,73,K,I,0.310167
-0.1,1ycc_K73V,1ycc,K73V,73,K,V,0.609704
1.6,1ycc_K73W,1ycc,K73W,73,K,W,-0.35338200000000003
0.78,1ycc_P76G,1ycc,P76G,76,P,G,2.45569
3.44,1ycc_P76L,1ycc,P76L,76,P,L,1.67127
0.97,1ycc_P76R,1ycc,P76R,76,P,R,1.52705
1.89,1ycc_P76S,1ycc,P76S,76,P,S,2.0145
1.07,1ycc_P76V,1ycc,P76V,76,P,V,1.51011
2.38,1ycc_P76W,1ycc,P76W,76,P,W,2.38693
2.07,1ycc_P76Y,1ycc,P76Y,76,P,Y,2.07623
0.7,1ycc_F82Y,1ycc,F82Y,82,F,Y,2.26589
2.8,1ycc_L85A,1ycc,L85A,85,L,A,2.9260200000000003
3.82,1ycc_L94A,1ycc,L94A,94,L,A,3.5652199999999996
0.02,1ycc_L94I,1ycc,L94I,94,L,I,2.891
3.27,1ycc_L94T,1ycc,L94T,94,L,T,4.11479
0.72,1ycc_L94V,1ycc,L94V,94,L,V,4.0151
-1.0,1ycc_T96A,1ycc,T96A,96,T,A,-0.9585799999999999
-0.08,1ycc_Y97F,1ycc,Y97F,97,Y,F,-0.48050600000000004
-2.9,1ycc_C102A,1ycc,C102A,102,C,A,0.37732
-2.8,1ycc_C102S,1ycc,C102S,102,C,S,1.65785
-0.8,1ycc_C102T,1ycc,C102T,102,C,T,-0.603835
-2.4,1yea_N52I,1yea,N52I,52,N,I,-0.430316
0.9,1zym_H189A,1zym,H189A,189,H,A,201.96200000000002
1.31,1zym_H189E,1zym,H189E,189,H,E,202.31900000000002
0.3,2a01_L141R,2a01,L141R,141,L,R,0.112772
-1.9,2hbb_K12M,2hbb,K12M,12,K,M,-0.507217
0.46,2hbb_D23A,2hbb,D23A,23,D,A,5.87596
0.72,2hbb_D23N,2hbb,D23N,23,D,N,5.903169999999999
2.3,2hip_Y12F,2hip,Y12F,12,Y,F,1.34079
0.7,2lzm_I3A,2lzm,I3A,3,I,A,0.65468
-0.43,2lzm_I3C,2lzm,I3C,3,I,C,0.64891
3.2,2lzm_I3D,2lzm,I3D,3,I,D,0.5825899999999999
2.0,2lzm_I3E,2lzm,I3E,3,I,E,0.33955
1.1,2lzm_I3F,2lzm,I3F,3,I,F,0.48116000000000003
2.1,2lzm_I3G,2lzm,I3G,3,I,G,0.21775
-0.4,2lzm_I3L,2lzm,I3L,3,I,L,0.594025
0.9,2lzm_I3M,2lzm,I3M,3,I,M,0.07371710000000001
2.53,2lzm_I3P,2lzm,I3P,3,I,P,0.766749
1.7,2lzm_I3S,2lzm,I3S,3,I,S,0.88718
2.3,2lzm_I3T,2lzm,I3T,3,I,T,0.51649
0.4,2lzm_I3V,2lzm,I3V,3,I,V,0.10527
2.8,2lzm_I3W,2lzm,I3W,3,I,W,0.45711999999999997
2.3,2lzm_I3Y,2lzm,I3Y,3,I,Y,0.8212700000000001
1.38,2lzm_M6I,2lzm,M6I,6,M,I,0.11946
-1.1,2lzm_E11A,2lzm,E11A,11,E,A,0.640432
-1.7,2lzm_E11F,2lzm,E11F,11,E,F,2.50117
-1.6,2lzm_E11M,2lzm,E11M,11,E,M,-0.179953
-0.5,2lzm_K16E,2lzm,K16E,16,K,E,0.03629280000000001
-0.1,2lzm_G30A,2lzm,G30A,30,G,A,4.57556
1.5,2lzm_G30F,2lzm,G30F,30,G,F,7.84484
0.3,2lzm_P37A,2lzm,P37A,37,P,A,0.242681
0.77,2lzm_S38A,2lzm,S38A,38,S,A,0.591303
-0.2,2lzm_S38D,2lzm,S38D,38,S,D,-3.4958199999999997
2.8,2lzm_L39P,2lzm,L39P,39,L,P,-0.635055
-0.16,2lzm_A41V,2lzm,A41V,41,A,V,0.049908600000000004
-0.44,2lzm_S44A,2lzm,S44A,44,S,A,-0.139997
-0.3,2lzm_C54T,2lzm,C54T,54,C,T,-0.640475
0.7,2lzm_C54V,2lzm,C54V,54,C,V,1.73037
0.6,2lzm_N55G,2lzm,N55G,55,N,G,-0.985527
0.0,2lzm_K60P,2lzm,K60P,60,K,P,-0.641775
-0.05,2lzm_N68A,2lzm,N68A,68,N,A,0.045215
-0.4,2lzm_G77A,2lzm,G77A,77,G,A,-1.18964
-0.8,2lzm_A82P,2lzm,A82P,82,A,P,-1.2712
0.4,2lzm_P86A,2lzm,P86A,86,P,A,2.2096400000000003
-0.1,2lzm_A93P,2lzm,A93P,93,A,P,-1.43583
2.8,2lzm_R96H,2lzm,R96H,96,R,H,43.0664
8.05,2lzm_A98V,2lzm,A98V,98,A,V,3.27221
3.9,2lzm_M102V,2lzm,M102V,102,M,V,2.9746900000000003
0.6,2lzm_Q105A,2lzm,Q105A,105,Q,A,0.457592
1.1,2lzm_Q105E,2lzm,Q105E,105,Q,E,0.350426
1.5,2lzm_Q105G,2lzm,Q105G,105,Q,G,1.8169
-0.3,2lzm_G113A,2lzm,G113A,113,G,A,-0.211079
-0.3,2lzm_T115E,2lzm,T115E,115,T,E,-0.427683
0.06,2lzm_N116D,2lzm,N116D,116,N,D,-0.732871
-1.1,2lzm_S117F,2lzm,S117F,117,S,F,8.35332
-1.7,2lzm_S117I,2lzm,S117I,117,S,I,-2.40318
-2.0,2lzm_S117V,2lzm,S117V,117,S,V,-0.9723959999999999
0.04,2lzm_R119E,2lzm,R119E,119,R,E,-0.21978499999999998
-0.1,2lzm_R119M,2lzm,R119M,119,R,M,-0.745787
-0.4,2lzm_Q123E,2lzm,Q123E,123,Q,E,-0.173843
0.1,2lzm_K124G,2lzm,K124G,124,K,G,0.213517
-0.16,2lzm_E128A,2lzm,E128A,128,E,A,-0.010095200000000002
1.33,2lzm_E128K,2lzm,E128K,128,E,K,-0.42039899999999997
0.8,2lzm_A129V,2lzm,A129V,129,A,V,-1.20874
-0.05,2lzm_V131A,2lzm,V131A,131,V,A,-0.25101799999999996
-0.08,2lzm_V131D,2lzm,V131D,131,V,D,-0.0582617
-0.2,2lzm_V131E,2lzm,V131E,131,V,E,-0.464588
0.68,2lzm_V131G,2lzm,V131G,131,V,G,0.451179
-0.16,2lzm_V131I,2lzm,V131I,131,V,I,-0.55024
-0.09,2lzm_V131L,2lzm,V131L,131,V,L,-0.509795
-0.12,2lzm_V131M,2lzm,V131M,131,V,M,-0.410734
0.05,2lzm_V131S,2lzm,V131S,131,V,S,0.452979
0.12,2lzm_V131T,2lzm,V131T,131,V,T,0.078148
-1.3,2lzm_N132F,2lzm,N132F,132,N,F,0.400204
-1.2,2lzm_N132I,2lzm,N132I,132,N,I,0.501173
-1.5,2lzm_N132M,2lzm,N132M,132,N,M,-0.45884300000000006
3.6,2lzm_L133A,2lzm,L133A,133,L,A,3.4058300000000004
0.2,2lzm_L133F,2lzm,L133F,133,L,F,-0.95196
1.0,2lzm_K135E,2lzm,K135E,135,K,E,1.7094599999999998
1.0,2lzm_P143A,2lzm,P143A,143,P,A,1.8867599999999998
-0.3,2lzm_N144D,2lzm,N144D,144,N,D,-2.41303
4.07,2lzm_A146T,2lzm,A146T,146,A,T,0.560547
0.7,2lzm_K147E,2lzm,K147E,147,K,E,0.147679
2.44,2lzm_V149C,2lzm,V149C,149,V,C,1.9675599999999998
2.88,2lzm_T152S,2lzm,T152S,152,T,S,1.4084
1.1,2lzm_R154E,2lzm,R154E,154,R,E,0.15601500000000001
1.4,2lzm_T157A,2lzm,T157A,157,T,A,2.1667400000000003
1.3,2lzm_T157C,2lzm,T157C,157,T,C,2.29457
0.45,2lzm_T157N,2lzm,T157N,157,T,N,0.97493
1.5,2lzm_T157E,2lzm,T157E,157,T,E,2.05596
2.4,2lzm_T157F,2lzm,T157F,157,T,F,1.57952
1.1,2lzm_T157G,2lzm,T157G,157,T,G,2.37399
2.1,2lzm_T157H,2lzm,T157H,157,T,H,1.59041
2.9,2lzm_T157I,2lzm,T157I,157,T,I,2.89966
1.3,2lzm_T157L,2lzm,T157L,157,T,L,2.21752
1.1,2lzm_T157D,2lzm,T157D,157,T,D,2.1915
1.3,2lzm_T157R,2lzm,T157R,157,T,R,0.980441
0.66,2lzm_T157S,2lzm,T157S,157,T,S,0.236146
1.6,2lzm_T157V,2lzm,T157V,157,T,V,2.87551
1.65,2lzm_A160T,2lzm,A160T,160,A,T,2.60101
-1.72,2rn2_D10A,2rn2,D10A,10,D,A,-2.18645
-0.52,2rn2_D10E,2rn2,D10E,10,D,E,-0.265244
-1.15,2rn2_D10H,2rn2,D10H,10,D,H,-2.4409
-0.98,2rn2_D10N,2rn2,D10N,10,D,N,-2.30973
-1.27,2rn2_D10S,2rn2,D10S,10,D,S,-2.39526
-1.02,2rn2_G23A,2rn2,G23A,23,G,A,2.84259
-0.88,2rn2_A24V,2rn2,A24V,24,A,V,2.78843
-0.44,2rn2_R41C,2rn2,R41C,41,R,C,0.30146100000000003
0.16,2rn2_E48A,2rn2,E48A,48,E,A,-0.287756
0.13,2rn2_E48D,2rn2,E48D,48,E,D,1.38224
-0.16,2rn2_E48Q,2rn2,E48Q,48,E,Q,0.9774719999999999
-0.76,2rn2_A52C,2rn2,A52C,52,A,C,-0.17435599999999998
1.85,2rn2_A52D,2rn2,A52D,52,A,D,1.1225100000000001
1.52,2rn2_A52E,2rn2,A52E,52,A,E,2.15715
0.46,2rn2_A52F,2rn2,A52F,52,A,F,1.77072
2.71,2rn2_A52G,2rn2,A52G,52,A,G,2.02363
3.59,2rn2_A52H,2rn2,A52H,52,A,H,3.0499
-1.88,2rn2_A52I,2rn2,A52I,52,A,I,-1.8906599999999998
5.93,2rn2_A52K,2rn2,A52K,52,A,K,-0.048912300000000006
-1.31,2rn2_A52L,2rn2,A52L,52,A,L,-2.88988
-0.49,2rn2_A52M,2rn2,A52M,52,A,M,-2.01589
1.79,2rn2_A52N,2rn2,A52N,52,A,N,0.537938
1.64,2rn2_A52P,2rn2,A52P,52,A,P,0.287745
1.19,2rn2_A52Q,2rn2,A52Q,52,A,Q,0.650243
1.76,2rn2_A52S,2rn2,A52S,52,A,S,0.61703
0.82,2rn2_A52T,2rn2,A52T,52,A,T,-0.954533
-1.67,2rn2_A52V,2rn2,A52V,52,A,V,-2.43615
2.31,2rn2_A52Y,2rn2,A52Y,52,A,Y,8.27525
-0.55,2rn2_H62A,2rn2,H62A,62,H,A,0.334484
0.17,2rn2_H62D,2rn2,H62D,62,H,D,0.775641
-2.21,2rn2_H62P,2rn2,H62P,62,H,P,-0.294493
-0.36,2rn2_H62R,2rn2,H62R,62,H,R,-0.13008699999999998
0.45,2rn2_S68A,2rn2,S68A,68,S,A,0.561662
2.4,2rn2_S68G,2rn2,S68G,68,S,G,2.175
0.48,2rn2_S68L,2rn2,S68L,68,S,L,-1.25557
0.2,2rn2_S68T,2rn2,S68T,68,S,T,1.18013
-0.57,2rn2_S68V,2rn2,S68V,68,S,V,-0.790764
-0.58,2rn2_D70A,2rn2,D70A,70,D,A,-1.42234
-0.06,2rn2_D70E,2rn2,D70E,70,D,E,-0.320326
-0.81,2rn2_D70N,2rn2,D70N,70,D,N,-1.02036
3.4,2rn2_V74A,2rn2,V74A,74,V,A,2.25705
-0.6,2rn2_V74I,2rn2,V74I,74,V,I,-0.340301
-1.1,2rn2_V74L,2rn2,V74L,74,V,L,-1.35006
0.9,2rn2_G77A,2rn2,G77A,77,G,A,2.8988
0.12,2rn2_H83A,2rn2,H83A,83,H,A,0.059221300000000004
0.0,2rn2_K91R,2rn2,K91R,91,K,R,-0.296605
0.4,2rn2_D94E,2rn2,D94E,94,D,E,-0.0500826
-0.1,2rn2_K95A,2rn2,K95A,95,K,A,0.45355200000000007
-1.28,2rn2_K95G,2rn2,K95G,95,K,G,-1.5795299999999999
-0.88,2rn2_K95N,2rn2,K95N,95,K,N,-0.9767379999999999
0.6,2rn2_Q113P,2rn2,Q113P,113,Q,P,0.819585
-0.03,2rn2_K117R,2rn2,K117R,117,K,R,-0.18125
-0.74,2rn2_E119V,2rn2,E119V,119,E,V,0.9166030000000001
-0.05,2rn2_H124A,2rn2,H124A,124,H,A,0.276304
0.0,2rn2_A125T,2rn2,A125T,125,A,T,1.13335
0.31,2rn2_H127A,2rn2,H127A,127,H,A,0.630423
-0.98,2rn2_D134A,2rn2,D134A,134,D,A,-1.18775
-0.91,2rn2_D134E,2rn2,D134E,134,D,E,-0.6050810000000001
-2.97,2rn2_D134H,2rn2,D134H,134,D,H,-1.45618
-1.37,2rn2_D134I,2rn2,D134I,134,D,I,-1.13942
-1.54,2rn2_D134L,2rn2,D134L,134,D,L,-1.13425
-1.64,2rn2_D134N,2rn2,D134N,134,D,N,-2.79872
-1.33,2rn2_D134Q,2rn2,D134Q,134,D,Q,-1.30742
-1.14,2rn2_D134S,2rn2,D134S,134,D,S,-1.7047
-1.07,2rn2_D134T,2rn2,D134T,134,D,T,-1.8441
-1.2,2rn2_D134V,2rn2,D134V,134,D,V,-0.7970659999999999
0.22,2rn2_E135K,2rn2,E135K,135,E,K,-0.596196
-3.1,2trx_D26I,2trx,D26I,26,D,I,-5.06334
3.7,2trx_C32A,2trx,C32A,32,C,A,3.19651
3.1,2trx_C35A,2trx,C35A,35,C,A,0.959791
-1.45,2trx_P40S,2trx,P40S,40,P,S,1.87068
1.4,2trx_T66L,2trx,T66L,66,T,L,0.203986
1.1,2trx_T77V,2trx,T77V,77,T,V,-0.674353
3.9,2trx_L78K,2trx,L78K,78,L,K,2.0211799999999998
4.0,2trx_L78R,2trx,L78R,78,L,R,2.23441
-3.02,3d2c_M134E,3d2c,M134E,134,M,E,1.37415
-3.34,3d2c_M137P,3d2c,M137P,137,M,P,0.13255
-2.11,3d2c_S163P,3d2c,S163P,163,S,P,-1.87801
2.7,3mbp_P48A,3mbp,P48A,48,P,A,2.76525
2.55,3mbp_P48S,3mbp,P48S,48,P,S,3.31015
7.8,3mbp_P133A,3mbp,P133A,133,P,A,2.99765
-1.16,3mbp_P133S,3mbp,P133S,133,P,S,3.9865800000000005
0.22,3mbp_P159A,3mbp,P159A,159,P,A,2.99155
4.72,3mbp_P159S,3mbp,P159S,159,P,S,4.80532
-0.81,3sil_A53L,3sil,A53L,53,A,L,6.10291
-0.62,3sil_A69V,3sil,A69V,69,A,V,2.1719999999999997
-1.1,451c_F7A,451c,F7A,7,F,A,0.32639
-0.4,451c_V13M,451c,V13M,13,V,M,-0.234498
-1.9,451c_F34Y,451c,F34Y,34,F,Y,0.535665
-0.5,451c_Q37R,451c,Q37R,37,Q,R,-0.379726
-0.6,451c_E43Y,451c,E43Y,43,E,Y,0.167454
-1.0,451c_V78I,451c,V78I,78,V,I,-1.03776
-0.5,4blm_S126C,4blm,S126C,126,S,C,-1.8612099999999998
1.66,4blm_S265C,4blm,S265C,265,S,C,-0.121053
0.45,4lyz_F3Y,4lyz,F3Y,3,F,Y,0.6912560000000001
-0.76,4lyz_H15L,4lyz,H15L,15,H,L,-0.394354
1.06,4lyz_N19K,4lyz,N19K,19,N,K,-0.381811
0.15,4lyz_R21Q,4lyz,R21Q,21,R,Q,0.198433
-1.4,4lyz_A31I,4lyz,A31I,31,A,I,1.45875
-1.8,4lyz_A31L,4lyz,A31L,31,A,L,-2.2490099999999997
-1.2,4lyz_A31V,4lyz,A31V,31,A,V,1.6689599999999998
-0.19,4lyz_F34Y,4lyz,F34Y,34,F,Y,-0.730003
2.2,4lyz_T40I,4lyz,T40I,40,T,I,1.5165600000000001
0.27,4lyz_T40S,4lyz,T40S,40,T,S,-0.524961
0.73,4lyz_G49A,4lyz,G49A,49,G,A,2.16795
4.4,4lyz_I55A,4lyz,I55A,55,I,A,0.50366
2.46,4lyz_I55F,4lyz,I55F,55,I,F,9.37241
0.45,4lyz_I55L,4lyz,I55L,55,I,L,-2.47034
2.27,4lyz_I55M,4lyz,I55M,55,I,M,-0.898133
4.96,4lyz_I55T,4lyz,I55T,55,I,T,0.8803209999999999
0.91,4lyz_I55V,4lyz,I55V,55,I,V,0.11333199999999999
0.52,4lyz_G67A,4lyz,G67A,67,G,A,2.8395599999999996
0.04,4lyz_R68K,4lyz,R68K,68,R,K,0.23012
2.12,4lyz_G71A,4lyz,G71A,71,G,A,0.0539123
-0.23,4lyz_R73K,4lyz,R73K,73,R,K,-0.165236
0.38,4lyz_N77H,4lyz,N77H,77,N,H,0.501433
0.15,4lyz_S91A,4lyz,S91A,91,S,A,-1.29356
2.31,4lyz_S91D,4lyz,S91D,91,S,D,2.97741
-1.0,4lyz_S91T,4lyz,S91T,91,S,T,0.253096
0.08,4lyz_S91V,4lyz,S91V,91,S,V,-1.27389
3.07,4lyz_S91Y,4lyz,S91Y,91,S,Y,18.9232
-0.76,4lyz_D101A,4lyz,D101A,101,D,A,-0.212179
0.0,4lyz_D101E,4lyz,D101E,101,D,E,-0.307277
-0.72,4lyz_D101F,4lyz,D101F,101,D,F,-0.24595100000000003
-0.45,4lyz_D101G,4lyz,D101G,101,D,G,0.16969
-0.19,4lyz_D101K,4lyz,D101K,101,D,K,-0.450481
-0.04,4lyz_D101N,4lyz,D101N,101,D,N,-0.626398
0.08,4lyz_D101Q,4lyz,D101Q,101,D,Q,-0.560226
-0.27,4lyz_D101R,4lyz,D101R,101,D,R,-0.301273
-0.87,4lyz_D101S,4lyz,D101S,101,D,S,-0.50943
1.2,4lyz_G102A,4lyz,G102A,102,G,A,2.8263700000000003
-0.38,4lyz_G102R,4lyz,G102R,102,G,R,2.4131299999999998
0.04,4lyz_G102V,4lyz,G102V,102,G,V,3.77734
-0.68,4lyz_R114H,4lyz,R114H,114,R,H,0.771237
0.82,4lyz_G117A,4lyz,G117A,117,G,A,3.5938800000000004
0.45,4lyz_Q121H,4lyz,Q121H,121,Q,H,1.00159
1.2,5pti_F22A,5pti,F22A,22,F,A,3.56483
5.0,5pti_Y35A,5pti,Y35A,35,Y,A,1.92123
0.7,5pti_G36S,5pti,G36S,36,G,S,3.22943
0.36,1iro_V24I,1iro,V24I,24,V,I,-0.47960699999999995
0.76,1iro_I33L,1iro,I33L,33,I,L,0.05668480000000001
0.36,1iro_V24I,1iro,V24I,24,V,I,-0.47960699999999995
0.76,1iro_I33L,1iro,I33L,33,I,L,0.05668480000000001
3.14,1ycc_N52I,1ycc,N52I,52,N,I,-0.7154560000000001
-0.08,1ycc_N52Q,1ycc,N52Q,52,N,Q,0.23976799999999998
-1.29,1ycc_N52S,1ycc,N52S,52,N,S,0.9253
-0.05,1ycc_N52S,1ycc,N52S,52,N,S,0.9253
0.74,1ycc_N52S,1ycc,N52S,52,N,S,0.9253
-1.27,1ycc_N52H,1ycc,N52H,52,N,H,4.9365
-0.53,1ycc_N52T,1ycc,N52T,52,N,T,-0.150571
0.59,1ycc_N52T,1ycc,N52T,52,N,T,-0.150571
1.01,1ycc_N52T,1ycc,N52T,52,N,T,-0.150571
0.98,1ycc_N52T,1ycc,N52T,52,N,T,-0.150571
0.63,1ycc_N52A,1ycc,N52A,52,N,A,0.849459
1.67,1ycc_N52V,1ycc,N52V,52,N,V,-0.182035
2.44,1ycc_N52V,1ycc,N52V,52,N,V,-0.182035
2.25,1ycc_N52M,1ycc,N52M,52,N,M,-0.321508
2.91,1ycc_N52M,1ycc,N52M,52,N,M,-0.321508
2.56,1ycc_N52L,1ycc,N52L,52,N,L,-0.705488
2.02,1ycc_N52I,1ycc,N52I,52,N,I,-0.7154560000000001
3.14,1ycc_N52I,1ycc,N52I,52,N,I,-0.7154560000000001
3.03,1ycc_N52I,1ycc,N52I,52,N,I,-0.7154560000000001
2.62,1ycc_N52I,1ycc,N52I,52,N,I,-0.7154560000000001
4.3,1ycc_N52I,1ycc,N52I,52,N,I,-0.7154560000000001
0.24,2rn2_Q76L,2rn2,Q76L,76,Q,L,-0.996603
0.3,2rn2_Q80L,2rn2,Q80L,80,Q,L,-0.67884
-4.6,1lz1_C77A,1lz1,C77A,77,C,A,3.7499599999999997
1.07,1bvc_Q8A,1bvc,Q8A,8,Q,A,0.27168600000000004
0.89,1bvc_Q8A,1bvc,Q8A,8,Q,A,0.27168600000000004
-0.63,1bvc_Q8G,1bvc,Q8G,8,Q,G,0.9951059999999999
-0.5,1bvc_Q8G,1bvc,Q8G,8,Q,G,0.9951059999999999
0.36,1bvc_E109A,1bvc,E109A,109,E,A,0.37465
0.17,1bvc_E109A,1bvc,E109A,109,E,A,0.37465
-0.96,1bvc_E109G,1bvc,E109G,109,E,G,1.0036200000000002
-0.89,1bvc_E109G,1bvc,E109G,109,E,G,1.0036200000000002
0.6,1bvc_K140A,1bvc,K140A,140,K,A,0.316538
0.35,1bvc_K140A,1bvc,K140A,140,K,A,0.316538
-0.9,1bvc_W7F,1bvc,W7F,7,W,F,0.5993
-1.1,1bvc_W14F,1bvc,W14F,14,W,F,4.10231
-2.2,1bvc_M131A,1bvc,M131A,131,M,A,4.4051800000000005
-2.1,1bvc_F123K,1bvc,F123K,123,F,K,5.74624
-2.1,1bvc_A130K,1bvc,A130K,130,A,K,6.61913
-0.9,1bvc_A130L,1bvc,A130L,130,A,L,6.81445
-0.8,1bvc_H36Q,1bvc,H36Q,36,H,Q,1.5076200000000002
-0.6,1bvc_V68T,1bvc,V68T,68,V,T,0.96281
0.1,1bvc_W7F,1bvc,W7F,7,W,F,0.5993
-1.1,1bvc_W7F,1bvc,W7F,7,W,F,0.5993
-0.6,1bvc_W14F,1bvc,W14F,14,W,F,4.10231
-0.5,1bvc_W14F,1bvc,W14F,14,W,F,4.10231
-1.3,1bvc_M131A,1bvc,M131A,131,M,A,4.4051800000000005
-0.9,1bvc_M131A,1bvc,M131A,131,M,A,4.4051800000000005
-1.4,1bvc_F123K,1bvc,F123K,123,F,K,5.74624
-0.7,1bvc_F123K,1bvc,F123K,123,F,K,5.74624
-1.2,1bvc_A130K,1bvc,A130K,130,A,K,6.61913
-0.9,1bvc_A130K,1bvc,A130K,130,A,K,6.61913
-1.0,1bvc_A130L,1bvc,A130L,130,A,L,6.81445
0.1,1bvc_A130L,1bvc,A130L,130,A,L,6.81445
-0.7,1bvc_H36Q,1bvc,H36Q,36,H,Q,1.5076200000000002
-0.1,1bvc_H36Q,1bvc,H36Q,36,H,Q,1.5076200000000002
-0.4,1bvc_V68T,1bvc,V68T,68,V,T,0.96281
-0.2,1bvc_V68T,1bvc,V68T,68,V,T,0.96281
1.07,1sup_N218S,1sup,N218S,218,N,S,0.9021
0.3,1sup_G169A,1sup,G169A,169,G,A,-0.7990659999999999
0.48,1sup_M50F,1sup,M50F,50,M,F,8.0787
0.72,1sup_Y217K,1sup,Y217K,217,Y,K,1.61343
1.25,1sup_Q206C,1sup,Q206C,206,Q,C,0.188696
0.45,1sup_N76D,1sup,N76D,76,N,D,-0.42013500000000004
-3.4,2lzm_I58T,2lzm,I58T,58,I,T,2.82282
-1.5,2lzm_N101A,2lzm,N101A,101,N,A,2.02455
-1.2,2lzm_Q105M,2lzm,Q105M,105,Q,M,-0.9493950000000001
-3.1,2lzm_V149A,2lzm,V149A,149,V,A,2.23862
-4.4,2lzm_V149S,2lzm,V149S,149,V,S,3.98357
-3.0,2lzm_V149T,2lzm,V149T,149,V,T,2.39865
-0.1,2lzm_V149I,2lzm,V149I,149,V,I,-0.6440279999999999
-4.9,2lzm_V149G,2lzm,V149G,149,V,G,4.06513
-1.5,2lzm_T152A,2lzm,T152A,152,T,A,0.251577
-0.5,2lzm_T152C,2lzm,T152C,152,T,C,0.37125
0.2,2lzm_T152V,2lzm,T152V,152,T,V,-1.28254
-0.4,2lzm_T152I,2lzm,T152I,152,T,I,-0.9394870000000001
0.2,2lzm_N144E,2lzm,N144E,144,N,E,-1.7366400000000002
0.5,2lzm_N144E,2lzm,N144E,144,N,E,-1.7366400000000002
0.5,2lzm_N144E,2lzm,N144E,144,N,E,-1.7366400000000002
-0.8,2lzm_K60H,2lzm,K60H,60,K,H,0.730671
-0.1,2lzm_K60H,2lzm,K60H,60,K,H,0.730671
-1.0,2lzm_S90H,2lzm,S90H,90,S,H,0.10241800000000001
-1.1,2lzm_S90H,2lzm,S90H,90,S,H,0.10241800000000001
-1.1,2lzm_S90H,2lzm,S90H,90,S,H,0.10241800000000001
-0.5,2lzm_K83H,2lzm,K83H,83,K,H,1.0154299999999998
-0.4,2lzm_K83H,2lzm,K83H,83,K,H,1.0154299999999998
-2.7,2lzm_L46A,2lzm,L46A,46,L,A,3.02925
-3.5,2lzm_L118A,2lzm,L118A,118,L,A,3.0428
-2.7,2lzm_L121A,2lzm,L121A,121,L,A,3.43209
-5.0,2lzm_L99A,2lzm,L99A,99,L,A,4.18544
-3.5,2lzm_F153A,2lzm,F153A,153,F,A,4.67131
0.43,2lzm_N40A,2lzm,N40A,40,N,A,-0.48499200000000003
-0.96,2lzm_K43A,2lzm,K43A,43,K,A,0.5694170000000001
0.55,2lzm_E45A,2lzm,E45A,45,E,A,-0.13359400000000002
-2.62,2lzm_L46A,2lzm,L46A,46,L,A,3.02925
-0.28,2lzm_D47A,2lzm,D47A,47,D,A,-0.29078899999999996
-0.32,2lzm_K48A,2lzm,K48A,48,K,A,0.324065
0.32,2lzm_N40A,2lzm,N40A,40,N,A,-0.48499200000000003
-1.03,2lzm_K43A,2lzm,K43A,43,K,A,0.5694170000000001
0.01,2lzm_E45A,2lzm,E45A,45,E,A,-0.13359400000000002
-1.86,2lzm_L46A,2lzm,L46A,46,L,A,3.02925
-0.95,2lzm_D47A,2lzm,D47A,47,D,A,-0.29078899999999996
-0.56,2lzm_K48A,2lzm,K48A,48,K,A,0.324065
-0.03,2lzm_R14K,2lzm,R14K,14,R,K,0.37306500000000004
0.57,2lzm_E22K,2lzm,E22K,22,E,K,-0.25787899999999997
0.57,2lzm_T26S,2lzm,T26S,26,T,S,1.12142
0.44,2lzm_N40D,2lzm,N40D,40,N,D,-0.912502
0.29,2lzm_A41D,2lzm,A41D,41,A,D,-1.0294299999999998
-0.17,2lzm_R80K,2lzm,R80K,80,R,K,-0.126309
0.06,2lzm_A93T,2lzm,A93T,93,A,T,0.39202800000000004
0.3,2lzm_G113E,2lzm,G113E,113,G,E,0.108027
-0.29,2lzm_R119H,2lzm,R119H,119,R,H,0.260675
0.39,2lzm_T151S,2lzm,T151S,151,T,S,0.042681300000000005
0.35,2lzm_F153L,2lzm,F153L,153,F,L,2.483
-0.21,2lzm_N163D,2lzm,N163D,163,N,D,-0.12473499999999998
-1.5,2lzm_I78M,2lzm,I78M,78,I,M,-0.0900628
-1.9,2lzm_L84M,2lzm,L84M,84,L,M,0.05762919999999999
-0.8,2lzm_L91M,2lzm,L91M,91,L,M,-0.316718
-0.4,2lzm_L99M,2lzm,L99M,99,L,M,0.023746700000000003
-1.6,2lzm_I100M,2lzm,I100M,100,I,M,0.6999380000000001
-1.2,2lzm_V103M,2lzm,V103M,103,V,M,-0.45333999999999997
-0.7,2lzm_L118M,2lzm,L118M,118,L,M,-0.488522
-0.8,2lzm_L121M,2lzm,L121M,121,L,M,-0.298874
-0.4,2lzm_L133M,2lzm,L133M,133,L,M,-0.434266
-0.6,2lzm_F153M,2lzm,F153M,153,F,M,1.38459
-2.3,2lzm_L121A,2lzm,L121A,121,L,A,3.43209
-1.3,2lzm_A129L,2lzm,A129L,129,A,L,0.543421
-1.9,2lzm_A129M,2lzm,A129M,129,A,M,-1.77899
-3.4,2lzm_F153A,2lzm,F153A,153,F,A,4.67131
-0.14,2lzm_T115A,2lzm,T115A,115,T,A,0.701112
0.17,2lzm_N116A,2lzm,N116A,116,N,A,-0.48971000000000003
1.27,2lzm_S117A,2lzm,S117A,117,S,A,-0.539361
-3.5,2lzm_L118A,2lzm,L118A,118,L,A,3.0428
-0.18,2lzm_R119A,2lzm,R119A,119,R,A,-0.146259
-0.2,2lzm_M120A,2lzm,M120A,120,M,A,1.65726
-2.7,2lzm_L121A,2lzm,L121A,121,L,A,3.43209
-0.24,2lzm_Q122A,2lzm,Q122A,122,Q,A,0.5698439999999999
-0.22,2lzm_Q123A,2lzm,Q123A,123,Q,A,-0.28831999999999997
-0.6,2lzm_A41S,2lzm,A41S,41,A,S,-0.07587239999999999
-2.3,2lzm_A42S,2lzm,A42S,42,A,S,0.646703
-0.5,2lzm_A49S,2lzm,A49S,49,A,S,0.372199
-0.4,2lzm_A73S,2lzm,A73S,73,A,S,-0.00611494
-0.3,2lzm_A82S,2lzm,A82S,82,A,S,0.269074
-0.2,2lzm_A93S,2lzm,A93S,93,A,S,0.421104
-2.5,2lzm_A98S,2lzm,A98S,98,A,S,0.978936
-1.0,2lzm_A130S,2lzm,A130S,130,A,S,0.5707479999999999
-0.1,2lzm_A134S,2lzm,A134S,134,A,S,-0.0934589
-1.3,2lzm_V75T,2lzm,V75T,75,V,T,0.9872270000000001
-1.6,2lzm_V87T,2lzm,V87T,87,V,T,1.2805600000000001
-2.8,2lzm_V149T,2lzm,V149T,149,V,T,2.39865
-3.3,2lzm_Q69P,2lzm,Q69P,69,Q,P,1.84073
-2.6,2lzm_D72P,2lzm,D72P,72,D,P,2.17853
-2.9,2lzm_Q69P,2lzm,Q69P,69,Q,P,1.84073
-2.7,2lzm_D72P,2lzm,D72P,72,D,P,2.17853
-4.6,2lzm_A74P,2lzm,A74P,74,A,P,3.91905
-5.7,2lzm_A74P,2lzm,A74P,74,A,P,3.91905
-5.0,2lzm_A74P,2lzm,A74P,74,A,P,3.91905
-4.5,2lzm_A74P,2lzm,A74P,74,A,P,3.91905
-0.74,2lzm_M102L,2lzm,M102L,102,M,L,0.561497
-1.43,2lzm_V111F,2lzm,V111F,111,V,F,4.371630000000001
-0.69,2lzm_V111I,2lzm,V111I,111,V,I,-0.459726
-0.82,2lzm_M102L,2lzm,M102L,102,M,L,0.561497
-1.69,2lzm_V111F,2lzm,V111F,111,V,F,4.371630000000001
-0.85,2lzm_V111I,2lzm,V111I,111,V,I,-0.459726
-1.71,2lzm_W138Y,2lzm,W138Y,138,W,Y,3.0033
-8.9,2lzm_M102K,2lzm,M102K,102,M,K,3.49433
-4.9,2lzm_L133D,2lzm,L133D,133,L,D,4.90891
-5.5,2lzm_L133D,2lzm,L133D,133,L,D,4.90891
-6.9,2lzm_M102K,2lzm,M102K,102,M,K,3.49433
-5.7,2lzm_L133D,2lzm,L133D,133,L,D,4.90891
-2.2,2lzm_M102K,2lzm,M102K,102,M,K,3.49433
-1.4,2lzm_G156D,2lzm,G156D,156,G,D,8.31435
-2.3,2lzm_G156D,2lzm,G156D,156,G,D,8.31435
0.1,2lzm_E11H,2lzm,E11H,11,E,H,3.11714
-0.1,2lzm_E11N,2lzm,E11N,11,E,N,-0.436093
1.3,2lzm_D20N,2lzm,D20N,20,D,N,1.7014900000000002
0.9,2lzm_D20T,2lzm,D20T,20,D,T,-0.203007
0.7,2lzm_D20S,2lzm,D20S,20,D,S,-0.952708
-0.3,2lzm_D20A,2lzm,D20A,20,D,A,-1.02591
0.39,2lzm_S44L,2lzm,S44L,44,S,L,-0.0392397
0.33,2lzm_S44M,2lzm,S44M,44,S,M,-0.15770599999999999
0.31,2lzm_S44I,2lzm,S44I,44,S,I,-0.132373
0.27,2lzm_S44Q,2lzm,S44Q,44,S,Q,0.552604
0.24,2lzm_S44R,2lzm,S44R,44,S,R,0.09793330000000001
0.2,2lzm_S44K,2lzm,S44K,44,S,K,0.0794698
0.19,2lzm_S44Y,2lzm,S44Y,44,S,Y,0.15671
0.1,2lzm_S44V,2lzm,S44V,44,S,V,0.423015
0.06,2lzm_S44F,2lzm,S44F,44,S,F,0.0589788
0.05,2lzm_S44W,2lzm,S44W,44,S,W,0.611819
0.04,2lzm_S44H,2lzm,S44H,44,S,H,0.9791059999999999
0.01,2lzm_S44T,2lzm,S44T,44,S,T,0.613883
0.0,2lzm_S44E,2lzm,S44E,44,S,E,0.25245300000000004
-0.11,2lzm_S44D,2lzm,S44D,44,S,D,0.749951
-0.11,2lzm_S44C,2lzm,S44C,44,S,C,0.402063
-0.14,2lzm_S44N,2lzm,S44N,44,S,N,0.835133
-0.53,2lzm_S44G,2lzm,S44G,44,S,G,0.6893699999999999
-3.03,2lzm_S44P,2lzm,S44P,44,S,P,5.41589
-5.0,2lzm_L99A,2lzm,L99A,99,L,A,4.18544
-2.3,2lzm_L99V,2lzm,L99V,99,L,V,3.22688
-1.4,2lzm_L99I,2lzm,L99I,99,L,I,1.98596
-0.7,2lzm_L99M,2lzm,L99M,99,L,M,0.023746700000000003
-0.4,2lzm_L99F,2lzm,L99F,99,L,F,-0.476955
-3.5,2lzm_F153A,2lzm,F153A,153,F,A,4.67131
-1.8,2lzm_F153V,2lzm,F153V,153,F,V,3.53338
-0.5,2lzm_F153I,2lzm,F153I,153,F,I,2.44257
0.2,2lzm_F153L,2lzm,F153L,153,F,L,2.483
-0.8,2lzm_F153M,2lzm,F153M,153,F,M,1.38459
-4.5,2lzm_L99A,2lzm,L99A,99,L,A,4.18544
-2.0,2lzm_L99V,2lzm,L99V,99,L,V,3.22688
-1.5,2lzm_L99I,2lzm,L99I,99,L,I,1.98596
-0.6,2lzm_L99M,2lzm,L99M,99,L,M,0.023746700000000003
-0.3,2lzm_L99F,2lzm,L99F,99,L,F,-0.476955
-3.8,2lzm_F153A,2lzm,F153A,153,F,A,4.67131
-1.8,2lzm_F153V,2lzm,F153V,153,F,V,3.53338
-0.2,2lzm_F153I,2lzm,F153I,153,F,I,2.44257
0.3,2lzm_F153L,2lzm,F153L,153,F,L,2.483
-0.6,2lzm_F153M,2lzm,F153M,153,F,M,1.38459
-0.6,2lzm_T59N,2lzm,T59N,59,T,N,-0.52786
-0.7,2lzm_T59S,2lzm,T59S,59,T,S,-0.599776
-0.9,2lzm_T59D,2lzm,T59D,59,T,D,-2.00982
-2.2,2lzm_T59G,2lzm,T59G,59,T,G,-0.296725
-2.8,2lzm_T59V,2lzm,T59V,59,T,V,1.183
-2.8,2lzm_T59A,2lzm,T59A,59,T,A,0.713017
-1.1,2lzm_T59N,2lzm,T59N,59,T,N,-0.52786
-0.2,2lzm_T59S,2lzm,T59S,59,T,S,-0.599776
-1.2,2lzm_T59D,2lzm,T59D,59,T,D,-2.00982
-1.6,2lzm_T59G,2lzm,T59G,59,T,G,-0.296725
-1.5,2lzm_T59V,2lzm,T59V,59,T,V,1.183
-1.5,2lzm_T59A,2lzm,T59A,59,T,A,0.713017
-0.1,2lzm_S38N,2lzm,S38N,38,S,N,-0.369819
-0.1,2lzm_D92N,2lzm,D92N,92,D,N,5.51615
-0.3,2lzm_T109D,2lzm,T109D,109,T,D,-0.9656129999999999
0.0,2lzm_T109N,2lzm,T109N,109,T,N,0.0942796
-0.6,2lzm_N144H,2lzm,N144H,144,N,H,-0.651179
0.0,2lzm_S38N,2lzm,S38N,38,S,N,-0.369819
-1.4,2lzm_D92N,2lzm,D92N,92,D,N,5.51615
0.6,2lzm_T109D,2lzm,T109D,109,T,D,-0.9656129999999999
0.1,2lzm_T109N,2lzm,T109N,109,T,N,0.0942796
0.3,2lzm_N144H,2lzm,N144H,144,N,H,-0.651179
-0.9,2lzm_L39A,2lzm,L39A,39,L,A,1.07169
0.2,2lzm_N40A,2lzm,N40A,40,N,A,-0.48499200000000003
-3.7,2lzm_A42K,2lzm,A42K,42,A,K,12.6805
-1.1,2lzm_K43A,2lzm,K43A,43,K,A,0.5694170000000001
-2.1,2lzm_L46A,2lzm,L46A,46,L,A,3.02925
-2.7,2lzm_I17A,2lzm,I17A,17,I,A,2.16465
-3.1,2lzm_I27A,2lzm,I27A,27,I,A,3.20302
-2.6,2lzm_I29A,2lzm,I29A,29,I,A,2.36064
-2.0,2lzm_I50A,2lzm,I50A,50,I,A,2.38632
-3.2,2lzm_I58A,2lzm,I58A,58,I,A,3.9846199999999996
-1.6,2lzm_I78A,2lzm,I78A,78,I,A,3.6263199999999998
-3.4,2lzm_I100A,2lzm,I100A,100,I,A,3.0920099999999997
-1.5,2lzm_V71A,2lzm,V71A,71,V,A,2.48434
-1.7,2lzm_V87A,2lzm,V87A,87,V,A,1.89726
-1.8,2lzm_V94A,2lzm,V94A,94,V,A,1.2008299999999998
-2.2,2lzm_V103A,2lzm,V103A,103,V,A,1.94461
-1.3,2lzm_V111A,2lzm,V111A,111,V,A,2.6226599999999998
-3.2,2lzm_V149A,2lzm,V149A,149,V,A,2.23862
-1.9,2lzm_M6A,2lzm,M6A,6,M,A,0.64058
-2.3,2lzm_M106A,2lzm,M106A,106,M,A,2.7326900000000003
-1.9,2lzm_F67A,2lzm,F67A,67,F,A,4.784330000000001
-3.1,2lzm_F104A,2lzm,F104A,104,F,A,3.2162
-2.6,2lzm_L7A,2lzm,L7A,7,L,A,0.5803
-3.6,2lzm_L33A,2lzm,L33A,33,L,A,3.66776
-3.9,2lzm_L66A,2lzm,L66A,66,L,A,2.29142
-3.9,2lzm_L84A,2lzm,L84A,84,L,A,4.4505
-3.1,2lzm_L91A,2lzm,L91A,91,L,A,3.181
-2.8,2lzm_M6L,2lzm,M6L,6,M,L,0.7139800000000001
0.5,2lzm_M106L,2lzm,M106L,106,M,L,0.7090350000000001
0.5,2lzm_M120L,2lzm,M120L,120,M,L,-0.250916
-3.4,2lzm_M106K,2lzm,M106K,106,M,K,1.1742
-1.6,2lzm_M120K,2lzm,M120K,120,M,K,1.16872
-4.0,2lzm_H31N,2lzm,H31N,31,H,N,0.42744399999999994
1.2,2lzm_E108V,2lzm,E108V,108,E,V,1.1002399999999999
-4.6,2lzm_L99A,2lzm,L99A,99,L,A,4.18544
-7.4,2lzm_L99G,2lzm,L99G,99,L,G,5.69266
0.7,2lzm_E108V,2lzm,E108V,108,E,V,1.1002399999999999
-4.0,2lzm_L99A,2lzm,L99A,99,L,A,4.18544
-6.3,2lzm_L99G,2lzm,L99G,99,L,G,5.69266
-0.8,2lzm_I78V,2lzm,I78V,78,I,V,1.1036700000000002
-1.2,2lzm_L118I,2lzm,L118I,118,L,I,1.53854
-0.3,2lzm_V87I,2lzm,V87I,87,V,I,-0.477851
-0.4,2lzm_I100V,2lzm,I100V,100,I,V,0.979303
-1.0,2lzm_M102L,2lzm,M102L,102,M,L,0.561497
-0.5,2lzm_V103I,2lzm,V103I,103,V,I,-0.424889
0.2,2lzm_M106I,2lzm,M106I,106,M,I,1.649
-1.1,2lzm_V111A,2lzm,V111A,111,V,A,2.6226599999999998
-0.1,2lzm_M120Y,2lzm,M120Y,120,M,Y,0.159518
0.0,2lzm_V149I,2lzm,V149I,149,V,I,-0.6440279999999999
1.4,2lzm_E108V,2lzm,E108V,108,E,V,1.1002399999999999
-2.0,2lzm_G28A,2lzm,G28A,28,G,A,3.486
0.0,2lzm_R96K,2lzm,R96K,96,R,K,0.168452
-0.3,2lzm_R96Q,2lzm,R96Q,96,R,Q,1.3787
-2.0,2lzm_R96A,2lzm,R96A,96,R,A,1.7169299999999998
-2.4,2lzm_R96V,2lzm,R96V,96,R,V,4.29655
-2.6,2lzm_R96S,2lzm,R96S,96,R,S,2.12872
-2.5,2lzm_R96E,2lzm,R96E,96,R,E,1.7846
-2.6,2lzm_R96G,2lzm,R96G,96,R,G,3.20805
-2.7,2lzm_R96M,2lzm,R96M,96,R,M,0.7981550000000001
-2.8,2lzm_R96T,2lzm,R96T,96,R,T,5.09936
-2.9,2lzm_R96C,2lzm,R96C,96,R,C,1.7562400000000002
-2.9,2lzm_R96I,2lzm,R96I,96,R,I,3.1484400000000003
-3.0,2lzm_R96N,2lzm,R96N,96,R,N,1.86313
-3.2,2lzm_R96L,2lzm,R96L,96,R,L,1.90556
-3.5,2lzm_R96D,2lzm,R96D,96,R,D,4.07686
-4.2,2lzm_R96F,2lzm,R96F,96,R,F,10.8995
-4.5,2lzm_R96W,2lzm,R96W,96,R,W,9.41296
-4.7,2lzm_R96Y,2lzm,R96Y,96,R,Y,10.5973
-5.5,2lzm_R96P,2lzm,R96P,96,R,P,6.62856
-0.6,2lzm_K85A,2lzm,K85A,85,K,A,1.06647
-0.5,2lzm_D89A,2lzm,D89A,89,D,A,-0.35383400000000004
-0.5,2lzm_R96K,2lzm,R96K,96,R,K,0.168452
-0.7,2lzm_R96Q,2lzm,R96Q,96,R,Q,1.3787
-2.0,2lzm_R96A,2lzm,R96A,96,R,A,1.7169299999999998
-2.5,2lzm_R96V,2lzm,R96V,96,R,V,4.29655
-2.8,2lzm_R96S,2lzm,R96S,96,R,S,2.12872
-1.9,2lzm_R96E,2lzm,R96E,96,R,E,1.7846
-3.2,2lzm_R96G,2lzm,R96G,96,R,G,3.20805
-2.5,2lzm_R96M,2lzm,R96M,96,R,M,0.7981550000000001
-3.1,2lzm_R96T,2lzm,R96T,96,R,T,5.09936
-2.9,2lzm_R96C,2lzm,R96C,96,R,C,1.7562400000000002
-2.8,2lzm_R96I,2lzm,R96I,96,R,I,3.1484400000000003
-3.3,2lzm_R96N,2lzm,R96N,96,R,N,1.86313
-3.2,2lzm_R96L,2lzm,R96L,96,R,L,1.90556
-2.3,2lzm_R96D,2lzm,R96D,96,R,D,4.07686
-4.2,2lzm_R96F,2lzm,R96F,96,R,F,10.8995
-4.2,2lzm_R96W,2lzm,R96W,96,R,W,9.41296
-4.5,2lzm_R96Y,2lzm,R96Y,96,R,Y,10.5973
-6.0,2lzm_R96P,2lzm,R96P,96,R,P,6.62856
0.1,2lzm_K85A,2lzm,K85A,85,K,A,1.06647
-0.7,2lzm_D89A,2lzm,D89A,89,D,A,-0.35383400000000004
-1.1,3mbp_V8G,3mbp,V8G,8,V,G,0.28874
-2.3,3mbp_G19C,3mbp,G19C,19,G,C,9.1402
-1.5,3mbp_A276G,3mbp,A276G,276,A,G,1.93245
-3.2,3mbp_Y283D,3mbp,Y283D,283,Y,D,4.10764
0.7,3mbp_T345I,3mbp,T345I,345,T,I,-0.456574
0.0,3mbp_D55N,3mbp,D55N,55,D,N,0.726446
0.025,1shg_Y13F,1shg,Y13F,13,Y,F,-0.318223
0.067,1shg_Y57F,1shg,Y57F,57,Y,F,-0.505835
-0.44,1shg_F52Y,1shg,F52Y,52,F,Y,0.336961
0.84,1shg_K59Y,1shg,K59Y,59,K,Y,0.00923068
0.92,1shg_K59F,1shg,K59F,59,K,F,-0.138604
2.53,1shg_Y13F,1shg,Y13F,13,Y,F,-0.318223
2.33,1shg_K18F,1shg,K18F,18,K,F,0.402928
2.57,1shg_Y57F,1shg,Y57F,57,Y,F,-0.505835
2.51,1shg_K59F,1shg,K59F,59,K,F,-0.138604
-2.03,1rn1_Y11F,1rn1,Y11F,11,Y,F,0.778633
1.15,1rn1_Y42F,1rn1,Y42F,42,Y,F,1.02921
-0.71,1rn1_Y56F,1rn1,Y56F,56,Y,F,0.105091
-0.44,1rn1_Y57F,1rn1,Y57F,57,Y,F,-0.043597699999999996
-1.35,1rn1_Y68F,1rn1,Y68F,68,Y,F,-0.760364
-1.08,1rn1_S12A,1rn1,S12A,12,S,A,1.9474200000000002
0.57,1rn1_S17A,1rn1,S17A,17,S,A,-0.532216
-1.56,1rn1_S64A,1rn1,S64A,64,S,A,-0.392921
-0.71,1rn1_N9A,1rn1,N9A,9,N,A,0.375212
0.0,1rn1_N36A,1rn1,N36A,36,N,A,0.000868374
-2.91,1rn1_N81A,1rn1,N81A,81,N,A,1.21131
-2.11,1rn1_Y11F,1rn1,Y11F,11,Y,F,0.778633
1.14,1rn1_Y42F,1rn1,Y42F,42,Y,F,1.02921
-0.78,1rn1_Y56F,1rn1,Y56F,56,Y,F,0.105091
-0.5,1rn1_Y57F,1rn1,Y57F,57,Y,F,-0.043597699999999996
-1.36,1rn1_Y68F,1rn1,Y68F,68,Y,F,-0.760364
-1.23,1rn1_S12A,1rn1,S12A,12,S,A,1.9474200000000002
0.67,1rn1_S17A,1rn1,S17A,17,S,A,-0.532216
-1.44,1rn1_S64A,1rn1,S64A,64,S,A,-0.392921
-0.9,1rn1_N9A,1rn1,N9A,9,N,A,0.375212
0.03,1rn1_N36A,1rn1,N36A,36,N,A,0.000868374
-2.87,1rn1_N81A,1rn1,N81A,81,N,A,1.21131
-0.74,1rn1_A21C,1rn1,A21C,21,A,C,0.8403579999999999
0.33,1rn1_A21D,1rn1,A21D,21,A,D,0.7509899999999999
0.05,1rn1_A21E,1rn1,A21E,21,A,E,-0.0310389
-0.57,1rn1_A21F,1rn1,A21F,21,A,F,-0.22649499999999997
-0.9,1rn1_A21G,1rn1,A21G,21,A,G,0.756811
-0.56,1rn1_A21H,1rn1,A21H,21,A,H,0.766951
-0.44,1rn1_A21I,1rn1,A21I,21,A,I,1.12132
-0.51,1rn1_A21K,1rn1,A21K,21,A,K,-0.07238610000000001
-0.13,1rn1_A21L,1rn1,A21L,21,A,L,-0.10396500000000002
-0.15,1rn1_A21M,1rn1,A21M,21,A,M,-0.28726799999999997
0.34,1rn1_A21N,1rn1,A21N,21,A,N,0.0747765
-0.26,1rn1_A21Q,1rn1,A21Q,21,A,Q,0.119973
-0.41,1rn1_A21R,1rn1,A21R,21,A,R,0.33061799999999997
-0.49,1rn1_A21S,1rn1,A21S,21,A,S,0.145086
-0.57,1rn1_A21T,1rn1,A21T,21,A,T,1.44055
-0.66,1rn1_A21V,1rn1,A21V,21,A,V,1.93694
-0.3,1rn1_A21W,1rn1,A21W,21,A,W,0.157834
-0.39,1rn1_A21Y,1rn1,A21Y,21,A,Y,-0.0691365
-0.71,1rn1_A21D,1rn1,A21D,21,A,D,0.7509899999999999
-0.69,1rn1_A21E,1rn1,A21E,21,A,E,-0.0310389
-0.17,1rn1_A21H,1rn1,A21H,21,A,H,0.766951
-0.4,1rn1_A21Q,1rn1,A21Q,21,A,Q,0.119973
-0.4,1rn1_A21S,1rn1,A21S,21,A,S,0.145086
-0.21,1ayf_Y82W,1ayf,Y82W,82,Y,W,1.30095
-6.69,4lyz_K13D,4lyz,K13D,13,K,D,1.7396200000000002
-0.96,4lyz_G49N,4lyz,G49N,49,G,N,1.08848
-2.15,4lyz_P70N,4lyz,P70N,70,P,N,1.4305700000000001
-4.78,4lyz_C94A,4lyz,C94A,94,C,A,4.12298
0.24,4lyz_N103D,4lyz,N103D,103,N,D,-0.0174404
-0.24,4lyz_M105T,4lyz,M105T,105,M,T,5.25913
1.4,1poh_S46D,1poh,S46D,46,S,D,-4.7847
0.3,1poh_S46N,1poh,S46N,46,S,N,-1.22179
-1.1,1poh_S46A,1poh,S46A,46,S,A,0.6293880000000001
-0.57,4lyz_M12L,4lyz,M12L,12,M,L,1.29738
0.28,4lyz_M12F,4lyz,M12F,12,M,F,0.996078
1.5,1poh_S46D,1poh,S46D,46,S,D,-4.7847
0.5,1poh_S46N,1poh,S46N,46,S,N,-1.22179
-0.9,1poh_S46A,1poh,S46A,46,S,A,0.6293880000000001
1.36,1pga_T53T,1pga,T53T,53,T,T,0.04831969999999999
1.04,1pga_T53W,1pga,T53W,53,T,W,1.6122100000000001
0.87,1pga_T53S,1pga,T53S,53,T,S,0.512258
0.9,1pga_T53M,1pga,T53M,53,T,M,-1.3296700000000001
0.78,1pga_T53C,1pga,T53C,53,T,C,0.198718
0.45,1pga_T53L,1pga,T53L,53,T,L,-1.3595
0.4,1pga_T53R,1pga,T53R,53,T,R,-1.3718700000000001
0.52,1pga_T53N,1pga,T53N,53,T,N,0.26910300000000004
0.37,1pga_T53H,1pga,T53H,53,T,H,1.1524299999999998
0.38,1pga_T53Q,1pga,T53Q,53,T,Q,-0.365762
0.35,1pga_T53K,1pga,T53K,53,T,K,-1.06366
0.23,1pga_T53E,1pga,T53E,53,T,E,0.44896499999999995
-0.85,1pga_T53D,1pga,T53D,53,T,D,2.11637
-1.21,1pga_T53G,1pga,T53G,53,T,G,1.57221
-2.8,1pga_T25P,1pga,T25P,25,T,P,1.8083799999999999
-3.5,1pga_V29P,1pga,V29P,29,V,P,2.36688
-3.1,1pga_D36P,1pga,D36P,36,D,P,1.7891
-8.4,1bni_G52V,1bni,G52V,52,G,V,18.4197
-3.08,1bni_T6P,1bni,T6P,6,T,P,0.056909400000000006
-0.97,1bni_D8S,1bni,D8S,8,D,S,0.986476
-0.65,1bni_D12S,1bni,D12S,12,D,S,0.643885
-1.66,1bni_T16G,1bni,T16G,16,T,G,0.46353900000000003
-0.27,1bni_T16A,1bni,T16A,16,T,A,-0.420836
-4.03,1bni_Y17G,1bni,Y17G,17,Y,G,0.674369
-2.57,1bni_Y17S,1bni,Y17S,17,Y,S,0.940926
-0.7,1bni_H18G,1bni,H18G,18,H,G,-1.69777
-1.85,1bni_H18A,1bni,H18A,18,H,A,0.535058
-2.28,1bni_H18S,1bni,H18S,18,H,S,0.5965010000000001
-1.68,1bni_H18N,1bni,H18N,18,H,N,-0.28815799999999997
-2.56,1bni_H18D,1bni,H18D,18,H,D,0.969728
-1.19,1bni_H18K,1bni,H18K,18,H,K,-0.348646
-1.17,1bni_H18R,1bni,H18R,18,H,R,-0.397702
1.1,1bni_D12A,1bni,D12A,12,D,A,0.537784
-6.4,1bni_Y13G,1bni,Y13G,13,Y,G,3.1819599999999997
-1.6,1bni_Q15G,1bni,Q15G,15,Q,G,0.6810970000000001
-0.2,1bni_Q15A,1bni,Q15A,15,Q,A,0.199713
-4.9,1bni_Y17G,1bni,Y17G,17,Y,G,0.674369
-3.1,1bni_I55G,1bni,I55G,55,I,G,0.721963
-2.5,1bni_R72G,1bni,R72G,72,R,G,0.9464600000000001
-5.4,1bni_E73G,1bni,E73G,73,E,G,2.43568
-7.4,1bni_I88G,1bni,I88G,88,I,G,5.14246
-0.08,1bni_T26D,1bni,T26D,26,T,D,-1.32984
-7.0,1bni_L89G,1bni,L89G,89,L,G,5.79231
-4.7,1bni_L95G,1bni,L95G,95,L,G,2.4462900000000003
-5.7,1bni_I96G,1bni,I96G,96,I,G,5.67811
-6.6,1bni_Y97G,1bni,Y97G,97,Y,G,4.9400699999999995
-2.8,1bni_T100G,1bni,T100G,100,T,G,0.319101
-0.55,1bni_K27G,1bni,K27G,27,K,G,1.42598
-0.45,1bni_S28G,1bni,S28G,28,S,G,0.257795
0.41,1bni_S28A,1bni,S28A,28,S,A,-0.30456700000000003
-1.81,1bni_E29G,1bni,E29G,29,E,G,2.19883
-1.25,1bni_E29A,1bni,E29A,29,E,A,0.843562
-1.23,1bni_E29S,1bni,E29S,29,E,S,1.26795
-0.98,1bni_Q31G,1bni,Q31G,31,Q,G,0.8878469999999999
-0.25,1bni_Q31S,1bni,Q31S,31,Q,S,0.0876375
0.1,1bni_Q31A,1bni,Q31A,31,Q,A,0.151896
-3.12,1bni_G34A,1bni,G34A,34,G,A,3.0289599999999997
-3.2,1bni_G34S,1bni,G34S,34,G,S,3.3008900000000003
-2.75,1bni_G34N,1bni,G34N,34,G,N,3.12952
-3.39,1bni_G34D,1bni,G34D,34,G,D,3.20756
-2.65,1bni_G34H,1bni,G34H,34,G,H,3.25541
-3.12,1bni_G34K,1bni,G34K,34,G,K,2.9136599999999997
-2.42,1bni_G34R,1bni,G34R,34,G,R,2.99257
-3.37,1bni_G34T,1bni,G34T,34,G,T,4.67968
-0.1,1bni_A32R,1bni,A32R,32,A,R,-0.120983
-0.2,1bni_A32K,1bni,A32K,32,A,K,0.0664939
-0.3,1bni_A32M,1bni,A32M,32,A,M,-0.0411653
-0.3,1bni_A32L,1bni,A32L,32,A,L,0.13131099999999998
-0.4,1bni_A32S,1bni,A32S,32,A,S,-0.308232
-0.5,1bni_A32Q,1bni,A32Q,32,A,Q,0.0357089
-0.6,1bni_A32E,1bni,A32E,32,A,E,0.44562700000000005
-0.7,1bni_A32N,1bni,A32N,32,A,N,0.0468853
-0.7,1bni_A32F,1bni,A32F,32,A,F,0.18304600000000001
-0.7,1bni_A32D,1bni,A32D,32,A,D,1.15183
-0.8,1bni_A32H,1bni,A32H,32,A,H,-0.10948699999999999
-0.8,1bni_A32T,1bni,A32T,32,A,T,0.854189
-0.8,1bni_A32I,1bni,A32I,32,A,I,0.987261
-0.8,1bni_A32Y,1bni,A32Y,32,A,Y,0.251824
-0.9,1bni_A32V,1bni,A32V,32,A,V,1.06409
-0.9,1bni_A32G,1bni,A32G,32,A,G,0.11298699999999999
-1.0,1bni_A32W,1bni,A32W,32,A,W,0.39061
-1.0,1bni_A32C,1bni,A32C,32,A,C,0.229694
-4.1,1bni_A32P,1bni,A32P,32,A,P,1.62532
0.4,1bni_S28E,1bni,S28E,28,S,E,-0.29985900000000004
-4.6,1bni_F7L,1bni,F7L,7,F,L,0.815194
-0.22,1bni_T6S,1bni,T6S,6,T,S,0.804188
-2.53,1bni_T6A,1bni,T6A,6,T,A,0.158872
-1.34,1bni_T6G,1bni,T6G,6,T,G,0.061924099999999996
-1.27,1bni_T6N,1bni,T6N,6,T,N,0.385252
0.11,1bni_T6D,1bni,T6D,6,T,D,4.27802
-1.87,1bni_T6Q,1bni,T6Q,6,T,Q,0.260513
-0.27,1bni_T6E,1bni,T6E,6,T,E,2.53436
-0.56,1bni_T26S,1bni,T26S,26,T,S,-1.96386
-2.31,1bni_T26V,1bni,T26V,26,T,V,0.454162
-2.11,1bni_T26A,1bni,T26A,26,T,A,-0.752019
-1.29,1bni_T26N,1bni,T26N,26,T,N,-1.3256
-1.72,1bni_T26Q,1bni,T26Q,26,T,Q,-0.09482689999999999
-0.05,1bni_T26E,1bni,T26E,26,T,E,-0.516255
-2.23,1bni_T6A,1bni,T6A,6,T,A,0.158872
-2.14,1bni_T26A,1bni,T26A,26,T,A,-0.752019
-1.6,1bni_H18Q,1bni,H18Q,18,H,Q,-0.48301700000000003
-1.87,1bni_T16S,1bni,T16S,16,T,S,0.39331
-1.5,1bni_Y78F,1bni,Y78F,78,Y,F,0.42301300000000003
-1.27,1bni_W94Y,1bni,W94Y,94,W,Y,1.13323
-1.06,1bni_W94F,1bni,W94F,94,W,F,0.729288
-1.59,1bni_W94L,1bni,W94L,94,W,L,0.107303
-0.98,1bni_H18G,1bni,H18G,18,H,G,-1.69777
-0.99,1bni_W94Y,1bni,W94Y,94,W,Y,1.13323
-0.6,1bni_W94F,1bni,W94F,94,W,F,0.729288
-0.66,1bni_W94L,1bni,W94L,94,W,L,0.107303
0.51,1bni_H18G,1bni,H18G,18,H,G,-1.69777
-3.71,1bni_Y13A,1bni,Y13A,13,Y,A,1.4980200000000001
-2.26,1bni_Y17A,1bni,Y17A,17,Y,A,0.801311
-0.41,1bni_Y13F,1bni,Y13F,13,Y,F,-0.403086
-0.3,1bni_Y17F,1bni,Y17F,17,Y,F,-0.263867
-2.72,1bni_R69S,1bni,R69S,69,R,S,1.6699400000000002
-4.11,1bni_D93N,1bni,D93N,93,D,N,2.04168
-3.13,1bni_R69K,1bni,R69K,69,R,K,0.3631
-4.13,1bni_R83K,1bni,R83K,83,R,K,3.2149099999999997
-4.8,1bni_D75N,1bni,D75N,75,D,N,1.06066
0.43,1bni_D12A,1bni,D12A,12,D,A,0.537784
-0.6,1bni_I4V,1bni,I4V,4,I,V,0.787879
-1.4,1bni_I4A,1bni,I4A,4,I,A,0.84503
-1.9,1bni_N5A,1bni,N5A,5,N,A,0.16609200000000002
-2.6,1bni_G34H,1bni,G34H,34,G,H,3.25541
-2.65,1bni_T6H,1bni,T6H,6,T,H,0.45769399999999993
-0.64,1bni_W94L,1bni,W94L,94,W,L,0.107303
-3.15,1bni_G34H,1bni,G34H,34,G,H,3.25541
-1.56,1bni_T6H,1bni,T6H,6,T,H,0.45769399999999993
-1.2,1bni_T6G,1bni,T6G,6,T,G,0.061924099999999996
-2.1,1bni_T6A,1bni,T6A,6,T,A,0.158872
-2.5,1bni_V10T,1bni,V10T,10,V,T,1.2738
-3.4,1bni_V10A,1bni,V10A,10,V,A,2.41439
-0.3,1bni_D12A,1bni,D12A,12,D,A,0.537784
-3.3,1bni_Y13A,1bni,Y13A,13,Y,A,1.4980200000000001
-3.3,1bni_D54A,1bni,D54A,54,D,A,1.06935
-2.5,1bni_E73A,1bni,E73A,73,E,A,1.46094
-5.0,1bni_D75N,1bni,D75N,75,D,N,1.06066
-1.7,1bni_T16S,1bni,T16S,16,T,S,0.39331
1.0,1bni_Q15I,1bni,Q15I,15,Q,I,-0.363005
-1.2,1bni_H18K,1bni,H18K,18,H,K,-0.348646
0.2,1bni_K19R,1bni,K19R,19,K,R,-0.816818
0.0,1bni_E29Q,1bni,E29Q,29,E,Q,0.0702942
-0.2,1bni_Q31S,1bni,Q31S,31,Q,S,0.0876375
0.1,1bni_D44E,1bni,D44E,44,D,E,-0.355363
-0.3,1bni_I55V,1bni,I55V,55,I,V,0.173295
-0.5,1bni_K62R,1bni,K62R,62,K,R,-0.040567599999999995
0.5,1bni_G65S,1bni,G65S,65,G,S,0.189652
0.2,1bni_K66A,1bni,K66A,66,K,A,-0.920589
0.3,1bni_T79V,1bni,T79V,79,T,V,0.428617
-0.12,1bni_S85A,1bni,S85A,85,S,A,-0.137312
-0.3,1bni_I88L,1bni,I88L,88,I,L,0.862718
-0.3,1bni_L89V,1bni,L89V,89,L,V,0.371228
-0.2,1bni_Q104A,1bni,Q104A,104,Q,A,0.0632605
0.9,1bni_K108R,1bni,K108R,108,K,R,0.00234468
-2.0,1bni_Y17A,1bni,Y17A,17,Y,A,0.801311
-2.2,1bni_N23A,1bni,N23A,23,N,A,0.5057
1.86,1hfy_T29V,1hfy,T29V,29,T,V,-1.42036
1.37,1hfy_T29I,1hfy,T29I,29,T,I,-2.82998
-5.0,1am7_H48N,1am7,H48N,48,H,N,1.25803
0.12,1hfy_T29I,1hfy,T29I,29,T,I,-2.82998
0.06,1hfy_A30T,1hfy,A30T,30,A,T,1.5861100000000001
0.3,1hfy_A30I,1hfy,A30I,30,A,I,0.38514
0.18,1hfy_T33I,1hfy,T33I,33,T,I,-0.833206
0.2,1wq5_G211D,1wq5,G211D,211,G,D,12.1255
-0.7,1wq5_G211D,1wq5,G211D,211,G,D,12.1255
-0.4,1wq5_G211S,1wq5,G211S,211,G,S,7.42518
-0.3,1wq5_G211S,1wq5,G211S,211,G,S,7.42518
0.3,1wq5_G211V,1wq5,G211V,211,G,V,10.9333
0.2,1wq5_G211V,1wq5,G211V,211,G,V,10.9333
-0.7,1wq5_G211W,1wq5,G211W,211,G,W,31.9868
-0.5,1wq5_G211W,1wq5,G211W,211,G,W,31.9868
-0.1,1wq5_Y175C,1wq5,Y175C,175,Y,C,4.4486099999999995
-0.5,1wq5_Y175C,1wq5,Y175C,175,Y,C,4.4486099999999995
-0.07,1wq5_F139W,1wq5,F139W,139,F,W,0.604229
0.09,1wq5_F139W,1wq5,F139W,139,F,W,0.604229
0.23,1wq5_F258W,1wq5,F258W,258,F,W,1.17949
-0.16,1wq5_F258W,1wq5,F258W,258,F,W,1.17949
-3.49,1csp_K5E,1csp,K5E,5,K,E,0.94363
-2.2,1csp_K5Q,1csp,K5Q,5,K,Q,0.560537
-1.79,1csp_K5Q,1csp,K5Q,5,K,Q,0.560537
-1.51,1csp_N10K,1csp,N10K,10,N,K,-0.307559
-0.72,1csp_E12K,1csp,E12K,12,E,K,0.0423096
-0.31,1csp_K13E,1csp,K13E,13,K,E,0.16656700000000002
-0.17,1csp_K13Q,1csp,K13Q,13,K,Q,0.27917
-0.5,1csp_E19K,1csp,E19K,19,E,K,-1.03052
-0.14,1csp_E19Q,1csp,E19Q,19,E,Q,-0.223733
-1.82,1csp_V20Q,1csp,V20Q,20,V,Q,1.74757
-1.94,1csp_V20Q,1csp,V20Q,20,V,Q,1.74757
-1.96,1csp_V20K,1csp,V20K,20,V,K,1.29335
-1.94,1csp_V20K,1csp,V20K,20,V,K,1.29335
-0.07,1csp_E21K,1csp,E21K,21,E,K,0.10248199999999999
-0.24,1csp_E21Q,1csp,E21Q,21,E,Q,-0.0757701
-0.6,1csp_D24K,1csp,D24K,24,D,K,0.225188
-0.79,1csp_D24N,1csp,D24N,24,D,N,0.0650704
-1.46,1csp_D25K,1csp,D25K,25,D,K,-1.24889
-0.31,1csp_K39E,1csp,K39E,39,K,E,0.0997232
-0.07,1csp_K39Q,1csp,K39Q,39,K,Q,0.23249699999999998
0.0,1csp_E42K,1csp,E42K,42,E,K,-0.653783
-0.12,1csp_E42Q,1csp,E42Q,42,E,Q,-0.885542
0.22,1csp_E43K,1csp,E43K,43,E,K,-0.370814
0.02,1csp_E43Q,1csp,E43Q,43,E,Q,-0.136208
-0.65,1csp_E50K,1csp,E50K,50,E,K,-0.44324300000000005
-0.02,1csp_E50K,1csp,E50K,50,E,K,-0.44324300000000005
-0.29,1csp_E53K,1csp,E53K,53,E,K,-0.9176770000000001
0.17,1csp_E53Q,1csp,E53Q,53,E,Q,-0.9370719999999999
-0.22,1csp_N55K,1csp,N55K,55,N,K,0.0516299
0.48,1csp_N55D,1csp,N55D,55,N,D,0.0246578
-1.91,1csp_K65E,1csp,K65E,65,K,E,0.19581600000000002
-1.72,1csp_K65E,1csp,K65E,65,K,E,0.19581600000000002
-0.96,1csp_K65Q,1csp,K65Q,65,K,Q,0.730012
-0.76,1csp_K65Q,1csp,K65Q,65,K,Q,0.730012
-3.11,1csp_K5E,1csp,K5E,5,K,E,0.94363
-1.96,1csp_K5Q,1csp,K5Q,5,K,Q,0.560537
-1.36,1csp_K5Q,1csp,K5Q,5,K,Q,0.560537
-1.51,1csp_N10K,1csp,N10K,10,N,K,-0.307559
-0.62,1csp_E12K,1csp,E12K,12,E,K,0.0423096
-0.29,1csp_K13E,1csp,K13E,13,K,E,0.16656700000000002
-0.14,1csp_K13Q,1csp,K13Q,13,K,Q,0.27917
-0.57,1csp_E19K,1csp,E19K,19,E,K,-1.03052
-0.19,1csp_E19Q,1csp,E19Q,19,E,Q,-0.223733
-1.82,1csp_V20Q,1csp,V20Q,20,V,Q,1.74757
-1.89,1csp_V20Q,1csp,V20Q,20,V,Q,1.74757
-1.94,1csp_V20K,1csp,V20K,20,V,K,1.29335
-1.89,1csp_V20K,1csp,V20K,20,V,K,1.29335
-0.12,1csp_E21K,1csp,E21K,21,E,K,0.10248199999999999
-0.31,1csp_E21Q,1csp,E21Q,21,E,Q,-0.0757701
-0.48,1csp_D24K,1csp,D24K,24,D,K,0.225188
-0.72,1csp_D24N,1csp,D24N,24,D,N,0.0650704
-1.39,1csp_D25K,1csp,D25K,25,D,K,-1.24889
-0.26,1csp_K39E,1csp,K39E,39,K,E,0.0997232
-0.02,1csp_K39Q,1csp,K39Q,39,K,Q,0.23249699999999998
0.02,1csp_E42K,1csp,E42K,42,E,K,-0.653783
-0.12,1csp_E42Q,1csp,E42Q,42,E,Q,-0.885542
0.17,1csp_E43K,1csp,E43K,43,E,K,-0.370814
0.05,1csp_E43Q,1csp,E43Q,43,E,Q,-0.136208
-0.57,1csp_E50K,1csp,E50K,50,E,K,-0.44324300000000005
0.05,1csp_E50K,1csp,E50K,50,E,K,-0.44324300000000005
-0.19,1csp_E53K,1csp,E53K,53,E,K,-0.9176770000000001
0.19,1csp_E53Q,1csp,E53Q,53,E,Q,-0.9370719999999999
-0.1,1csp_N55K,1csp,N55K,55,N,K,0.0516299
0.5,1csp_N55D,1csp,N55D,55,N,D,0.0246578
-1.7,1csp_K65E,1csp,K65E,65,K,E,0.19581600000000002
-1.51,1csp_K65E,1csp,K65E,65,K,E,0.19581600000000002
-0.76,1csp_K65Q,1csp,K65Q,65,K,Q,0.730012
-0.53,1csp_K65Q,1csp,K65Q,65,K,Q,0.730012
-3.01,1csp_K5E,1csp,K5E,5,K,E,0.94363
-2.46,1csp_K5E,1csp,K5E,5,K,E,0.94363
-1.86,1csp_K5Q,1csp,K5Q,5,K,Q,0.560537
-1.27,1csp_K5Q,1csp,K5Q,5,K,Q,0.560537
-1.51,1csp_N10K,1csp,N10K,10,N,K,-0.307559
-0.57,1csp_E12K,1csp,E12K,12,E,K,0.0423096
-0.36,1csp_K13E,1csp,K13E,13,K,E,0.16656700000000002
-0.22,1csp_K13Q,1csp,K13Q,13,K,Q,0.27917
-0.65,1csp_E19K,1csp,E19K,19,E,K,-1.03052
-0.24,1csp_E19Q,1csp,E19Q,19,E,Q,-0.223733
-1.86,1csp_V20Q,1csp,V20Q,20,V,Q,1.74757
-1.89,1csp_V20Q,1csp,V20Q,20,V,Q,1.74757
-2.06,1csp_V20K,1csp,V20K,20,V,K,1.29335
-1.91,1csp_V20K,1csp,V20K,20,V,K,1.29335
-0.22,1csp_E21K,1csp,E21K,21,E,K,0.10248199999999999
-0.36,1csp_E21Q,1csp,E21Q,21,E,Q,-0.0757701
-0.48,1csp_D24K,1csp,D24K,24,D,K,0.225188
-0.74,1csp_D24N,1csp,D24N,24,D,N,0.0650704
-1.41,1csp_D25K,1csp,D25K,25,D,K,-1.24889
-0.31,1csp_K39E,1csp,K39E,39,K,E,0.0997232
-0.1,1csp_K39Q,1csp,K39Q,39,K,Q,0.23249699999999998
0.0,1csp_E42K,1csp,E42K,42,E,K,-0.653783
-0.19,1csp_E42Q,1csp,E42Q,42,E,Q,-0.885542
0.14,1csp_E43K,1csp,E43K,43,E,K,-0.370814
0.02,1csp_E43Q,1csp,E43Q,43,E,Q,-0.136208
-0.62,1csp_E50K,1csp,E50K,50,E,K,-0.44324300000000005
0.02,1csp_E50K,1csp,E50K,50,E,K,-0.44324300000000005
-0.24,1csp_E53K,1csp,E53K,53,E,K,-0.9176770000000001
0.14,1csp_E53Q,1csp,E53Q,53,E,Q,-0.9370719999999999
-0.12,1csp_N55K,1csp,N55K,55,N,K,0.0516299
0.43,1csp_N55D,1csp,N55D,55,N,D,0.0246578
-1.67,1csp_K65E,1csp,K65E,65,K,E,0.19581600000000002
-1.36,1csp_K65E,1csp,K65E,65,K,E,0.19581600000000002
-0.74,1csp_K65Q,1csp,K65Q,65,K,Q,0.730012
-0.53,1csp_K65Q,1csp,K65Q,65,K,Q,0.730012
-2.58,1csp_K5E,1csp,K5E,5,K,E,0.94363
-2.25,1csp_K5E,1csp,K5E,5,K,E,0.94363
-1.63,1csp_K5Q,1csp,K5Q,5,K,Q,0.560537
-1.36,1csp_K5Q,1csp,K5Q,5,K,Q,0.560537
-1.53,1csp_N10K,1csp,N10K,10,N,K,-0.307559
-0.48,1csp_E12K,1csp,E12K,12,E,K,0.0423096
-0.38,1csp_K13E,1csp,K13E,13,K,E,0.16656700000000002
-0.24,1csp_K13Q,1csp,K13Q,13,K,Q,0.27917
-0.72,1csp_E19K,1csp,E19K,19,E,K,-1.03052
-0.31,1csp_E19Q,1csp,E19Q,19,E,Q,-0.223733
-1.89,1csp_V20Q,1csp,V20Q,20,V,Q,1.74757
-2.01,1csp_V20Q,1csp,V20Q,20,V,Q,1.74757
-2.13,1csp_V20K,1csp,V20K,20,V,K,1.29335
-2.08,1csp_V20K,1csp,V20K,20,V,K,1.29335
-0.19,1csp_E21K,1csp,E21K,21,E,K,0.10248199999999999
-0.41,1csp_E21Q,1csp,E21Q,21,E,Q,-0.0757701
-0.45,1csp_D24K,1csp,D24K,24,D,K,0.225188
-0.74,1csp_D24N,1csp,D24N,24,D,N,0.0650704
-1.39,1csp_D25K,1csp,D25K,25,D,K,-1.24889
-0.31,1csp_K39E,1csp,K39E,39,K,E,0.0997232
-0.14,1csp_K39Q,1csp,K39Q,39,K,Q,0.23249699999999998
-0.02,1csp_E42K,1csp,E42K,42,E,K,-0.653783
-0.14,1csp_E42Q,1csp,E42Q,42,E,Q,-0.885542
0.17,1csp_E43K,1csp,E43K,43,E,K,-0.370814
-0.02,1csp_E43Q,1csp,E43Q,43,E,Q,-0.136208
-0.65,1csp_E50K,1csp,E50K,50,E,K,-0.44324300000000005
-0.05,1csp_E50K,1csp,E50K,50,E,K,-0.44324300000000005
-0.24,1csp_E53K,1csp,E53K,53,E,K,-0.9176770000000001
0.12,1csp_E53Q,1csp,E53Q,53,E,Q,-0.9370719999999999
-0.1,1csp_N55K,1csp,N55K,55,N,K,0.0516299
0.38,1csp_N55D,1csp,N55D,55,N,D,0.0246578
-1.48,1csp_K65E,1csp,K65E,65,K,E,0.19581600000000002
-1.36,1csp_K65E,1csp,K65E,65,K,E,0.19581600000000002
-0.67,1csp_K65Q,1csp,K65Q,65,K,Q,0.730012
-0.48,1csp_K65Q,1csp,K65Q,65,K,Q,0.730012
-1.94,1csp_K5E,1csp,K5E,5,K,E,0.94363
-1.6,1csp_K5E,1csp,K5E,5,K,E,0.94363
-1.12,1csp_K5Q,1csp,K5Q,5,K,Q,0.560537
-1.0,1csp_K5Q,1csp,K5Q,5,K,Q,0.560537
-1.39,1csp_N10K,1csp,N10K,10,N,K,-0.307559
-0.29,1csp_E12K,1csp,E12K,12,E,K,0.0423096
-0.43,1csp_K13E,1csp,K13E,13,K,E,0.16656700000000002
-0.17,1csp_K13Q,1csp,K13Q,13,K,Q,0.27917
-0.65,1csp_E19K,1csp,E19K,19,E,K,-1.03052
-0.31,1csp_E19Q,1csp,E19Q,19,E,Q,-0.223733
-1.84,1csp_V20Q,1csp,V20Q,20,V,Q,1.74757
-2.01,1csp_V20Q,1csp,V20Q,20,V,Q,1.74757
-2.1,1csp_V20K,1csp,V20K,20,V,K,1.29335
-2.1,1csp_V20K,1csp,V20K,20,V,K,1.29335
-0.17,1csp_E21K,1csp,E21K,21,E,K,0.10248199999999999
-0.31,1csp_E21Q,1csp,E21Q,21,E,Q,-0.0757701
-0.36,1csp_D24K,1csp,D24K,24,D,K,0.225188
-0.55,1csp_D24N,1csp,D24N,24,D,N,0.0650704
-1.15,1csp_D25K,1csp,D25K,25,D,K,-1.24889
-0.17,1csp_K39E,1csp,K39E,39,K,E,0.0997232
-0.07,1csp_K39Q,1csp,K39Q,39,K,Q,0.23249699999999998
0.12,1csp_E42K,1csp,E42K,42,E,K,-0.653783
-0.17,1csp_E42Q,1csp,E42Q,42,E,Q,-0.885542
0.29,1csp_E43K,1csp,E43K,43,E,K,-0.370814
0.07,1csp_E43Q,1csp,E43Q,43,E,Q,-0.136208
-0.45,1csp_E50K,1csp,E50K,50,E,K,-0.44324300000000005
-0.07,1csp_E50K,1csp,E50K,50,E,K,-0.44324300000000005
-0.14,1csp_E53K,1csp,E53K,53,E,K,-0.9176770000000001
0.29,1csp_E53Q,1csp,E53Q,53,E,Q,-0.9370719999999999
0.1,1csp_N55K,1csp,N55K,55,N,K,0.0516299
0.45,1csp_N55D,1csp,N55D,55,N,D,0.0246578
-1.17,1csp_K65E,1csp,K65E,65,K,E,0.19581600000000002
-1.08,1csp_K65E,1csp,K65E,65,K,E,0.19581600000000002
-0.45,1csp_K65Q,1csp,K65Q,65,K,Q,0.730012
-0.31,1csp_K65Q,1csp,K65Q,65,K,Q,0.730012
-1.29,1csp_K5E,1csp,K5E,5,K,E,0.94363
-1.05,1csp_K5E,1csp,K5E,5,K,E,0.94363
-0.74,1csp_K5Q,1csp,K5Q,5,K,Q,0.560537
-0.6,1csp_K5Q,1csp,K5Q,5,K,Q,0.560537
-1.36,1csp_N10K,1csp,N10K,10,N,K,-0.307559
-0.19,1csp_E12K,1csp,E12K,12,E,K,0.0423096
-0.43,1csp_K13E,1csp,K13E,13,K,E,0.16656700000000002
-0.07,1csp_K13Q,1csp,K13Q,13,K,Q,0.27917
-0.62,1csp_E19K,1csp,E19K,19,E,K,-1.03052
-0.31,1csp_E19Q,1csp,E19Q,19,E,Q,-0.223733
-1.79,1csp_V20Q,1csp,V20Q,20,V,Q,1.74757
-2.01,1csp_V20Q,1csp,V20Q,20,V,Q,1.74757
-2.1,1csp_V20K,1csp,V20K,20,V,K,1.29335
-2.2,1csp_V20K,1csp,V20K,20,V,K,1.29335
-0.12,1csp_E21K,1csp,E21K,21,E,K,0.10248199999999999
-0.33,1csp_E21Q,1csp,E21Q,21,E,Q,-0.0757701
-0.41,1csp_D24K,1csp,D24K,24,D,K,0.225188
-0.45,1csp_D24N,1csp,D24N,24,D,N,0.0650704
-1.08,1csp_D25K,1csp,D25K,25,D,K,-1.24889
-0.05,1csp_K39E,1csp,K39E,39,K,E,0.0997232
0.0,1csp_K39Q,1csp,K39Q,39,K,Q,0.23249699999999998
0.19,1csp_E42K,1csp,E42K,42,E,K,-0.653783
-0.19,1csp_E42Q,1csp,E42Q,42,E,Q,-0.885542
0.38,1csp_E43K,1csp,E43K,43,E,K,-0.370814
0.17,1csp_E43Q,1csp,E43Q,43,E,Q,-0.136208
-0.41,1csp_E50K,1csp,E50K,50,E,K,-0.44324300000000005
0.02,1csp_E50K,1csp,E50K,50,E,K,-0.44324300000000005
-0.05,1csp_E53K,1csp,E53K,53,E,K,-0.9176770000000001
0.31,1csp_E53Q,1csp,E53Q,53,E,Q,-0.9370719999999999
0.19,1csp_N55K,1csp,N55K,55,N,K,0.0516299
0.53,1csp_N55D,1csp,N55D,55,N,D,0.0246578
-0.93,1csp_K65E,1csp,K65E,65,K,E,0.19581600000000002
-0.79,1csp_K65E,1csp,K65E,65,K,E,0.19581600000000002
-0.29,1csp_K65Q,1csp,K65Q,65,K,Q,0.730012
-0.12,1csp_K65Q,1csp,K65Q,65,K,Q,0.730012
