variant_info,ddG,pdb_id,mut_info,pos,wt,mut,FoldX_ddG,one_hot_features,BoolPrediction
1aky_V8I,1.19,1aky,V8I,8,V,I,0.5698409999999999,0000000000000000x,0.0
1aky_Q48E,0.96,1aky,Q48E,48,Q,E,-0.811517,0000000000000000x,0.0
1aky_T77H,2.15,1aky,T77H,77,T,H,1.57398,0000000000000000x,0.0
1aky_T110H,2.63,1aky,T110H,110,T,H,-1.18166,0000000000000000x,0.0
1aky_N169D,2.15,1aky,N169D,169,N,D,0.0967586,0000000000000000x,0.0
1aky_I213F,1.91,1aky,I213F,213,I,F,6.79017,0010000000000000x,1.0
1am7_H31D,1.6,1am7,H31D,31,H,D,1.05239,0000000000000000x,0.0
1ank_D84H,1.4,1ank,D84H,84,D,H,3.37595,0000000000000000x,0.0
1ank_G85V,2.4,1ank,G85V,85,G,V,5.81864,0000000101000101x,1.0
1ank_F86L,0.8,1ank,F86L,86,F,L,1.24032,0000000000000000x,0.0
1ank_R88G,0.2,1ank,R88G,88,R,G,1.22791,0000000000000000x,0.0
1ayf_T54A,1.48,1ayf,T54A,54,T,A,1.25373,0000000000000000x,0.0
1ayf_T54S,0.12,1ayf,T54S,54,T,S,1.7509,0000000000000000x,0.0
1ayf_H56Q,2.17,1ayf,H56Q,56,H,Q,1.68232,0000000010000000x,1.0
1ayf_H56R,1.36,1ayf,H56R,56,H,R,6.2757,0000000000000100x,1.0
1ayf_H56T,1.41,1ayf,H56T,56,H,T,1.18419,0000000010000000x,1.0
1ayf_D76E,0.48,1ayf,D76E,76,D,E,-0.30659899999999995,0000000000000000x,0.0
1ayf_Y82F,0.1,1ayf,Y82F,82,Y,F,0.5471189999999999,0000000000000000x,0.0
1ayf_Y82L,0.69,1ayf,Y82L,82,Y,L,0.863418,0000000000000000x,0.0
1ayf_Y82S,0.65,1ayf,Y82S,82,Y,S,0.823578,0000000000000000x,0.0
1ayf_C95S,-0.93,1ayf,C95S,95,C,S,0.312473,0000000000000000x,0.0
1azp_W24A,2.03,1azp,W24A,24,W,A,5.2058,0000000000000000x,0.0
1azp_V30I,-0.53,1azp,V30I,30,V,I,-0.408462,0000000000000000x,0.0
1bni_D8A,0.6,1bni,D8A,8,D,A,0.923165,0000000000000000x,0.0
1bni_D8G,1.0,1bni,D8G,8,D,G,0.44745,0000000000000000x,0.0
1bni_D12G,0.6,1bni,D12G,12,D,G,1.11651,0000000000000000x,0.0
1bni_L14A,4.2,1bni,L14A,14,L,A,3.01607,0000000000100000x,1.0
1bni_T16R,-0.38,1bni,T16R,16,T,R,-0.967721,0000000000000000x,0.0
1bni_D22M,0.09,1bni,D22M,22,D,M,0.13778800000000002,0000000000000000x,0.0
1bni_T26G,1.9,1bni,T26G,26,T,G,-1.00973,0000000000000000x,0.0
1bni_I51V,1.86,1bni,I51V,51,I,V,0.99687,0000000000000000x,0.0
1bni_G52A,5.3,1bni,G52A,52,G,A,6.57131,0000000001000000x,1.0
1bni_G53A,3.4,1bni,G53A,53,G,A,3.23044,0000000000000000x,0.0
1bni_G53V,7.8,1bni,G53V,53,G,V,5.3049800000000005,0000000000000000x,0.0
1bni_D54N,2.38,1bni,D54N,54,D,N,0.741113,0000000000000000x,0.0
1bni_R69M,2.68,1bni,R69M,69,R,M,-0.95126,0000000000000000x,0.0
1bni_R83Q,1.4,1bni,R83Q,83,R,Q,0.937308,0000000000000000x,0.0
1bni_I88A,4.2,1bni,I88A,88,I,A,3.56368,0000000000000000x,0.0
1bni_I88V,1.4,1bni,I88V,88,I,V,0.72812,0000000000000000x,0.0
1bni_S91A,1.38,1bni,S91A,91,S,A,2.59002,0000000000100000x,1.0
1bni_S92A,2.65,1bni,S92A,92,S,A,0.0665177,0000000000000000x,0.0
1bni_I96A,3.3,1bni,I96A,96,I,A,4.0363,0000000000000000x,0.0
1bni_I96V,0.9,1bni,I96V,96,I,V,0.4946350000000001,0000000000000000x,0.0
1bvc_L9A,0.41,1bvc,L9A,9,L,A,0.8935719999999999,0000000000000000x,0.0
1bvc_L11A,0.44,1bvc,L11A,11,L,A,2.28073,0000000000000000x,0.0
1bvc_V13A,0.67,1bvc,V13A,13,V,A,2.44917,0000000000000000x,0.0
1bvc_G23A,1.12,1bvc,G23A,23,G,A,0.579447,0000000000000000x,0.0
1bvc_I28A,1.33,1bvc,I28A,28,I,A,3.43182,0000000000000000x,0.0
1bvc_I28L,0.55,1bvc,I28L,28,I,L,1.43332,0000000000000000x,0.0
1bvc_I28M,0.56,1bvc,I28M,28,I,M,-0.593598,0000000000000000x,0.0
1bvc_I28V,-0.04,1bvc,I28V,28,I,V,1.24048,0000000000000000x,0.0
1bvc_L29A,2.37,1bvc,L29A,29,L,A,2.66826,0000000000000000x,0.0
1bvc_L29I,1.12,1bvc,L29I,29,L,I,4.08564,0000000000000000x,0.0
1bvc_L29M,-0.12,1bvc,L29M,29,L,M,-0.223477,0000000000000000x,0.0
1bvc_L29V,1.72,1bvc,L29V,29,L,V,2.20353,0000000000000000x,0.0
1bvc_L49I,0.8,1bvc,L49I,49,L,I,0.276517,0000000000000000x,0.0
1bvc_T51A,1.41,1bvc,T51A,51,T,A,1.03995,0000000000000000x,0.0
1bvc_V66A,-0.75,1bvc,V66A,66,V,A,0.585672,0000000000000000x,0.0
1bvc_T67A,0.26,1bvc,T67A,67,T,A,-0.4589,0000000000000000x,0.0
1bvc_L69A,1.18,1bvc,L69A,69,L,A,3.71095,0000000000000000x,0.0
1bvc_L69I,0.02,1bvc,L69I,69,L,I,0.802074,0000000000000000x,0.0
1bvc_L69M,0.0,1bvc,L69M,69,L,M,-0.0675703,0000000000000000x,0.0
1bvc_L69V,0.1,1bvc,L69V,69,L,V,2.05596,0000000000000000x,0.0
1bvc_P88A,-0.59,1bvc,P88A,88,P,A,2.13055,0000000000000000x,0.0
1bvc_I111A,1.84,1bvc,I111A,111,I,A,3.72891,0000000000000100x,1.0
1bvc_I111L,0.64,1bvc,I111L,111,I,L,-0.30027,0000000000000000x,0.0
1bvc_I111M,1.14,1bvc,I111M,111,I,M,0.492551,0000000000000000x,0.0
1bvc_V114A,1.45,1bvc,V114A,114,V,A,1.79699,0000000000000000x,0.0
1bvc_H116A,-0.16,1bvc,H116A,116,H,A,-0.5524789999999999,0000000000000000x,0.0
1bvc_S117A,0.26,1bvc,S117A,117,S,A,0.112656,0000000000000000x,0.0
1bvc_G129A,-1.05,1bvc,G129A,129,G,A,-0.782675,0000000000000000x,0.0
1bvc_L135I,1.54,1bvc,L135I,135,L,I,1.0446,0000000000000000x,0.0
1bvc_L135M,0.79,1bvc,L135M,135,L,M,-0.587379,0000000000000000x,0.0
1bvc_L135V,2.25,1bvc,L135V,135,L,V,2.64333,0000000000000000x,0.0
1bvc_L137A,1.78,1bvc,L137A,137,L,A,1.0709799999999998,0000000000000000x,0.0
1bvc_I142A,1.92,1bvc,I142A,142,I,A,3.51506,0000000000000000x,0.0
1bvc_I142L,-0.63,1bvc,I142L,142,I,L,0.174163,0000000000000000x,0.0
1bvc_I142M,-0.93,1bvc,I142M,142,I,M,0.716658,0000000000000000x,0.0
1bvc_I142V,0.12,1bvc,I142V,142,I,V,1.67264,0000000000000000x,0.0
1bvc_L149A,1.6,1bvc,L149A,149,L,A,1.80691,0000000000000000x,0.0
1c52_M69A,-5.01,1c52,M69A,69,M,A,1.67208,0000000000000000x,0.0
1c52_M69H,0.71,1c52,M69H,69,M,H,1.03469,0000000000000000x,0.0
1c8c_W24A,0.75,1c8c,W24A,24,W,A,6.09961,0000000000000000x,0.0
1c8c_I30V,0.73,1c8c,I30V,30,I,V,0.713037,0000000000000000x,0.0
1c8c_F32Y,2.14,1c8c,F32Y,32,F,Y,1.43558,0000000000000000x,0.0
1c9o_Q2L,-0.55,1c9o,Q2L,2,Q,L,1.39511,0000000000000000x,0.0
1c9o_R3A,1.89,1c9o,R3A,3,R,A,0.6301760000000001,0000000000000000x,0.0
1c9o_R3E,2.75,1c9o,R3E,3,R,E,0.06272,0000000000000000x,0.0
1c9o_R3K,0.19,1c9o,R3K,3,R,K,0.250136,0000000000000000x,0.0
1c9o_R3L,0.93,1c9o,R3L,3,R,L,0.275412,0000000000000000x,0.0
1c9o_N11S,-0.33,1c9o,N11S,11,N,S,0.194021,0000000000000000x,0.0
1c9o_E12K,0.43,1c9o,E12K,12,E,K,-0.402884,0000000000000000x,0.0
1c9o_Y15F,0.05,1c9o,Y15F,15,Y,F,-0.37336,0000000000000000x,0.0
1c9o_E21A,0.29,1c9o,E21A,21,E,A,-0.0244634,0000000000000000x,0.0
1c9o_E21K,0.26,1c9o,E21K,21,E,K,-0.241877,0000000000000000x,0.0
1c9o_G23Q,0.29,1c9o,G23Q,23,G,Q,0.0709087,0000000000000000x,0.0
1c9o_S24D,-0.22,1c9o,S24D,24,S,D,0.592169,0000000000000000x,0.0
1c9o_H29E,0.76,1c9o,H29E,29,H,E,0.783845,0000000000000000x,0.0
1c9o_T31S,-0.17,1c9o,T31S,31,T,S,1.09965,0000000000000000x,0.0
1c9o_E36K,0.19,1c9o,E36K,36,E,K,0.111005,0000000000000000x,0.0
1c9o_E46A,0.22,1c9o,E46A,46,E,A,0.0739576,0000000000000000x,0.0
1c9o_E46K,0.64,1c9o,E46K,46,E,K,-0.88,0000000000000000x,0.0
1c9o_E50K,0.5,1c9o,E50K,50,E,K,0.789095,0000000000000000x,0.0
1c9o_Q53E,0.1,1c9o,Q53E,53,Q,E,0.277477,0000000000000000x,0.0
1c9o_N55K,-0.1,1c9o,N55K,55,N,K,-0.423104,0000000000000000x,0.0
1c9o_R56E,-0.76,1c9o,R56E,56,R,E,1.28075,0000000000000000x,0.0
1c9o_V64T,0.26,1c9o,V64T,64,V,T,0.8026409999999999,0000000000000000x,0.0
1c9o_L66E,1.24,1c9o,L66E,66,L,E,1.42294,0000000000000000x,0.0
1chk_W28F,4.43,1chk,W28F,28,W,F,1.29631,0000000000000000x,0.0
1chk_W101F,4.27,1chk,W101F,101,W,F,1.41006,0000000000100000x,1.0
1chk_W227F,2.51,1chk,W227F,227,W,F,1.35085,0000000000100000x,1.0
1csp_M1R,-1.74,1csp,M1R,1,M,R,0.610711,0000000000000000x,0.0
1csp_L2R,0.36,1csp,L2R,2,L,R,0.02022,0000000000000000x,0.0
1csp_E3K,-2.75,1csp,E3K,3,E,K,0.340751,0000000000000000x,0.0
1csp_E3L,-1.62,1csp,E3L,3,E,L,0.793121,0000000000000000x,0.0
1csp_E3Q,-1.31,1csp,E3Q,3,E,Q,0.08792260000000003,0000000000000000x,0.0
1csp_E3R,-2.65,1csp,E3R,3,E,R,0.295685,0000000000000000x,0.0
1csp_E3V,-1.77,1csp,E3V,3,E,V,0.0799326,0000000000000000x,0.0
1csp_N10D,-0.67,1csp,N10D,10,N,D,0.208061,0000000000000000x,0.0
1csp_F15A,2.27,1csp,F15A,15,F,A,2.14408,0000000000000000x,0.0
1csp_F17A,1.53,1csp,F17A,17,F,A,2.14074,0000000000000000x,0.0
1csp_D25Q,0.81,1csp,D25Q,25,D,Q,-1.6252,0000000000000000x,0.0
1csp_F27A,0.84,1csp,F27A,27,F,A,2.08726,0000000000000000x,0.0
1csp_F38A,-0.14,1csp,F38A,38,F,A,0.448654,0000000000000000x,0.0
1csp_E43S,-0.29,1csp,E43S,43,E,S,-0.275935,0000000000000000x,0.0
1csp_A46E,0.6,1csp,A46E,46,A,E,2.18667,0000000000000100x,1.0
1csp_A46K,-1.41,1csp,A46K,46,A,K,-0.305045,0000000000000100x,1.0
1csp_A46L,-0.81,1csp,A46L,46,A,L,-0.5415399999999999,0000000000000100x,1.0
1csp_S48E,-0.1,1csp,S48E,48,S,E,0.543609,0000000000000000x,0.0
1csp_S48K,-1.41,1csp,S48K,48,S,K,-1.54632,0000000000000000x,0.0
1csp_S48R,-1.58,1csp,S48R,48,S,R,-1.0137,0000000000000000x,0.0
1csp_E50Q,1.22,1csp,E50Q,50,E,Q,-0.27242,0000000000000000x,0.0
1csp_R56Q,-0.38,1csp,R56Q,56,R,Q,-0.0904685,0000000000000000x,0.0
1csp_T64R,-1.07,1csp,T64R,64,T,R,-0.721885,0000000000000000x,0.0
1csp_K65I,-1.53,1csp,K65I,65,K,I,-0.369719,0000000000000000x,0.0
1csp_E66K,-2.17,1csp,E66K,66,E,K,-1.53401,0000000000000000x,0.0
1csp_E66L,-2.1,1csp,E66L,66,E,L,-1.04635,0000000000000000x,0.0
1csp_E66V,-1.72,1csp,E66V,66,E,V,1.26971,0000000000000000x,0.0
1cyo_F35H,3.41,1cyo,F35H,35,F,H,3.03762,0000000000000000x,0.0
1cyo_F35L,1.92,1cyo,F35L,35,F,L,0.923601,0000000000000000x,0.0
1cyo_F35Y,-0.12,1cyo,F35Y,35,F,Y,0.704097,0000000000000000x,0.0
1cyo_V45E,2.37,1cyo,V45E,45,V,E,0.292017,0000000000000000x,0.0
1cyo_V45H,1.36,1cyo,V45H,45,V,H,1.20858,0000000000000000x,0.0
1cyo_V45Y,1.54,1cyo,V45Y,45,V,Y,0.91773,0000000000000000x,0.0
1cyo_V61E,1.1,1cyo,V61E,61,V,E,0.418551,0000000000000000x,0.0
1cyo_V61H,1.63,1cyo,V61H,61,V,H,-0.167726,0000000000000000x,0.0
1cyo_V61K,2.34,1cyo,V61K,61,V,K,-0.16830599999999998,0000000000000000x,0.0
1cyo_V61Y,1.29,1cyo,V61Y,61,V,Y,-0.207769,0000000000000000x,0.0
1e0w_W85A,-1.08,1e0w,W85A,85,W,A,2.65069,0000000000000000x,0.0
1e0w_W85F,2.2,1e0w,W85F,85,W,F,1.85246,0000000000000000x,0.0
1e0w_W85H,0.53,1e0w,W85H,85,W,H,3.03245,0000000000000000x,0.0
1e0w_Y172A,2.77,1e0w,Y172A,172,Y,A,5.09804,0000000000000000x,0.0
1e0w_Y172F,0.5,1e0w,Y172F,172,Y,F,2.8289,0000000000000000x,0.0
1e0w_Y172S,-0.86,1e0w,Y172S,172,Y,S,4.98709,0000000000000000x,0.0
1e0w_W266A,2.58,1e0w,W266A,266,W,A,2.37124,0000000000000000x,0.0
1e0w_W266F,1.81,1e0w,W266F,266,W,F,0.120059,0000000000000000x,0.0
1e0w_W266H,3.99,1e0w,W266H,266,W,H,2.96983,0001100000000000x,1.0
1e0w_W274A,-2.27,1e0w,W274A,274,W,A,1.38464,0000000000000000x,0.0
1e0w_W274F,-0.43,1e0w,W274F,274,W,F,1.34552,0000000000000000x,0.0
1e0w_W274H,-0.14,1e0w,W274H,274,W,H,0.398483,0000000000000000x,0.0
1ey0_I18M,0.21,1ey0,I18M,18,I,M,0.726858,0000000000000000x,0.0
1ey0_D21K,-1.0,1ey0,D21K,21,D,K,1.31308,0000001000000000x,1.0
1ey0_D21N,-1.4,1ey0,D21N,21,D,N,-1.88021,0000000010000000x,1.0
1ey0_V23A,1.72,1ey0,V23A,23,V,A,2.44167,0000000000000000x,0.0
1ey0_K24G,0.41,1ey0,K24G,24,K,G,2.93507,0000000000000000x,0.0
1ey0_L25A,1.78,1ey0,L25A,25,L,A,4.4199,0000000000000000x,0.0
1ey0_G29C,1.1,1ey0,G29C,29,G,C,2.65649,0000000000000000x,0.0
1ey0_G29F,1.1,1ey0,G29F,29,G,F,3.86679,0000000000000000x,0.0
1ey0_M32I,0.6,1ey0,M32I,32,M,I,0.167281,0000000000000000x,0.0
1ey0_M32L,0.8,1ey0,M32L,32,M,L,0.410736,0000000000000000x,0.0
1ey0_T33V,-0.4,1ey0,T33V,33,T,V,-0.44139,0000000000000000x,0.0
1ey0_T41I,-0.7,1ey0,T41I,41,T,I,0.190825,0000000000100000x,1.0
1ey0_H46Y,0.0,1ey0,H46Y,46,H,Y,0.186785,0000000000000000x,0.0
1ey0_G50C,0.8,1ey0,G50C,50,G,C,2.38104,0000000100000000x,1.0
1ey0_G50F,0.4,1ey0,G50F,50,G,F,1.8129,0000000100000000x,1.0
1ey0_E57C,0.7,1ey0,E57C,57,E,C,0.712562,0000000000000000x,0.0
1ey0_E57F,0.9,1ey0,E57F,57,E,F,-0.344174,0000000000000000x,0.0
1ey0_S59A,-0.5,1ey0,S59A,59,S,A,-0.4087,0000000000000000x,0.0
1ey0_A60C,1.2,1ey0,A60C,60,A,C,0.504436,0000000000000000x,0.0
1ey0_V66A,1.72,1ey0,V66A,66,V,A,2.71301,0000000000000000x,0.0
1ey0_V66L,0.11,1ey0,V66L,66,V,L,-1.47641,0000000000000000x,0.0
1ey0_V66W,1.22,1ey0,V66W,66,V,W,2.56616,0000000000000000x,0.0
1ey0_A69T,2.08,1ey0,A69T,69,A,T,2.68777,0000000000000000x,0.0
1ey0_K70C,0.5,1ey0,K70C,70,K,C,1.01518,0000000000000000x,0.0
1ey0_K70F,0.0,1ey0,K70F,70,K,F,0.8754120000000001,0000000000000000x,0.0
1ey0_K78C,0.4,1ey0,K78C,78,K,C,0.919984,0000000000000000x,0.0
1ey0_K78F,-0.1,1ey0,K78F,78,K,F,0.059206899999999986,0000000000000000x,0.0
1ey0_G79S,2.0,1ey0,G79S,79,G,S,1.7948400000000002,0000000000000001x,1.0
1ey0_G88V,1.18,1ey0,G88V,88,G,V,7.853339999999998,0000000001000000x,1.0
1ey0_L89F,1.22,1ey0,L89F,89,L,F,0.5093439999999999,0010000000000000x,1.0
1ey0_A90S,1.46,1ey0,A90S,90,A,S,0.280117,0000000000000000x,0.0
1ey0_R105C,2.7,1ey0,R105C,105,R,C,1.65225,0000000000000000x,0.0
1ey0_R105F,3.1,1ey0,R105F,105,R,F,0.720467,0000000000000000x,0.0
1ey0_A112C,0.8,1ey0,A112C,112,A,C,0.7065359999999999,0000000000000000x,0.0
1ey0_A112F,1.3,1ey0,A112F,112,A,F,0.32807,0000000000000000x,0.0
1ey0_P117G,-1.0,1ey0,P117G,117,P,G,1.11305,0000000000000010x,1.0
1ey0_H124L,-1.57,1ey0,H124L,124,H,L,-1.51302,0000000000000000x,0.0
1ey0_S128A,-0.7,1ey0,S128A,128,S,A,-0.788284,0000000000100000x,1.0
1ey0_K134C,0.7,1ey0,K134C,134,K,C,0.821133,0000000000000000x,0.0
1ey0_K134F,0.3,1ey0,K134F,134,K,F,0.571732,0000000000000000x,0.0
1f6r_H32A,2.12,1f6r,H32A,32,H,A,0.900764,0000000000000000x,0.0
1f6r_H32Y,-0.07,1f6r,H32Y,32,H,Y,-1.63946,0000000000000000x,0.0
1f6r_V42A,0.93,1f6r,V42A,42,V,A,0.329927,0000000000000000x,0.0
1f6r_V42G,1.15,1f6r,V42G,42,V,G,1.40422,0000000000000000x,0.0
1f6r_V42N,0.24,1f6r,V42N,42,V,N,-0.6354489999999999,0000000000000000x,0.0
1f6r_Q54A,0.41,1f6r,Q54A,54,Q,A,0.521663,0000000000000000x,0.0
1f6r_I59W,0.93,1f6r,I59W,59,I,W,2.60794,0000000000000000x,0.0
1f6r_Y103A,2.56,1f6r,Y103A,103,Y,A,2.49004,0000000000000000x,0.0
1f6r_Y103P,0.26,1f6r,Y103P,103,Y,P,9.09643,0010010000000000x,1.0
1f6r_W104Y,2.44,1f6r,W104Y,104,W,Y,2.40599,0000000000000000x,0.0
1f6r_A106S,1.05,1f6r,A106S,106,A,S,1.56543,0000000000000000x,0.0
1f6r_H107A,0.79,1f6r,H107A,107,H,A,0.273314,0000000010010000x,1.0
1f6r_H107W,1.72,1f6r,H107W,107,H,W,-2.93073,0000000000010100x,1.0
1f6r_H107Y,0.19,1f6r,H107Y,107,H,Y,-1.7865799999999998,0000000000010000x,1.0
1f6r_L110E,0.19,1f6r,L110E,110,L,E,4.92749,0000000000000000x,0.0
1f6r_L110H,-1.39,1f6r,L110H,110,L,H,3.80693,0000000000000000x,0.0
1f6r_L110R,-0.43,1f6r,L110R,110,L,R,0.363639,0000000000000000x,0.0
1f6r_K114E,0.65,1f6r,K114E,114,K,E,0.837485,0000000000000000x,0.0
1f6r_K114N,-2.65,1f6r,K114N,114,K,N,0.168398,0000000000000000x,0.0
1f6r_K114Q,0.6,1f6r,K114Q,114,K,Q,0.319463,0000000000000000x,0.0
1f6r_Q117A,0.96,1f6r,Q117A,117,Q,A,0.458804,0000000000000000x,0.0
1f6r_W118H,0.6,1f6r,W118H,118,W,H,3.64629,0001100000000000x,1.0
1f6r_W118Y,1.17,1f6r,W118Y,118,W,Y,3.26209,0000000000000000x,0.0
1fvk_P151A,6.82,1fvk,P151A,151,P,A,4.14551,0000000000000010x,1.0
1gv5_V103I,-0.72,1gv5,V103I,103,V,I,0.525523,0000000000000000x,0.0
1h7m_D2A,0.53,1h7m,D2A,2,D,A,0.79227,0000000000000000x,0.0
1h7m_E6A,0.89,1h7m,E6A,6,E,A,0.29399000000000003,0000000010000000x,1.0
1h7m_R8A,0.76,1h7m,R8A,8,R,A,0.56795,0000000000000000x,0.0
1h7m_K9A,0.62,1h7m,K9A,9,K,A,0.36005,0000000000000000x,0.0
1h7m_K9M,0.49,1h7m,K9M,9,K,M,0.322294,0000000000000000x,0.0
1h7m_D12A,-0.24,1h7m,D12A,12,D,A,-0.508903,0000000000000000x,0.0
1h7m_K15A,0.91,1h7m,K15A,15,K,A,1.47475,0000000000000000x,0.0
1h7m_R21A,-0.07,1h7m,R21A,21,R,A,-0.181619,0000000000000000x,0.0
1h7m_K22A,-0.43,1h7m,K22A,22,K,A,0.6146560000000001,0000000000000000x,0.0
1h7m_K28A,1.2,1h7m,K28A,28,K,A,0.785153,0000000000000000x,0.0
1h7m_K33A,-0.12,1h7m,K33A,33,K,A,1.50098,0000000000000000x,0.0
1h7m_R39A,0.07,1h7m,R39A,39,R,A,-0.223889,0000000000000000x,0.0
1h7m_R42A,-0.33,1h7m,R42A,42,R,A,-1.3267,0000000000000000x,0.0
1h7m_D44A,-0.05,1h7m,D44A,44,D,A,0.168797,0000000000000000x,0.0
1h7m_K46A,1.09,1h7m,K46A,46,K,A,1.52036,0000000000000000x,0.0
1h7m_E47A,0.05,1h7m,E47A,47,E,A,0.277766,0000000000000000x,0.0
1h7m_D48A,-0.36,1h7m,D48A,48,D,A,0.0126509,0000000000000000x,0.0
1h7m_E50A,-0.57,1h7m,E50A,50,E,A,0.294732,0000000000000000x,0.0
1h7m_R54A,0.26,1h7m,R54A,54,R,A,0.450669,0000000000000000x,0.0
1h7m_E62A,1.29,1h7m,E62A,62,E,A,0.302804,0000000000000000x,0.0
1h7m_E64A,0.26,1h7m,E64A,64,E,A,-0.646785,0000000000000000x,0.0
1h7m_E69A,0.74,1h7m,E69A,69,E,A,1.05464,0000000000000000x,0.0
1h7m_R76A,-0.19,1h7m,R76A,76,R,A,1.18929,0000000000000000x,0.0
1h7m_H78A,0.5,1h7m,H78A,78,H,A,0.474958,0000000000000000x,0.0
1h7m_D87A,1.36,1h7m,D87A,87,D,A,0.653131,0000000000000000x,0.0
1h7m_E90A,0.45,1h7m,E90A,90,E,A,0.425662,0000000000000000x,0.0
1h7m_R92A,0.52,1h7m,R92A,92,R,A,1.4842,0000000000000000x,0.0
1h7m_R92M,0.79,1h7m,R92M,92,R,M,0.7137859999999999,0000000000000000x,0.0
1hfy_T38A,1.6,1hfy,T38A,38,T,A,-1.19625,0000000000100000x,1.0
1ihb_F37H,1.24,1ihb,F37H,37,F,H,1.2093,0000000000000000x,0.0
1ihb_R55V,0.32,1ihb,R55V,55,R,V,0.579712,0000000000000000x,0.0
1ihb_F71N,-0.71,1ihb,F71N,71,F,N,1.98566,0000000000000000x,0.0
1ihb_F82Q,0.46,1ihb,F82Q,82,F,Q,1.90308,0000000000000000x,0.0
1ihb_F92N,1.08,1ihb,F92N,92,F,N,2.17666,0000000000000000x,0.0
1io2_I6A,2.91,1io2,I6A,6,I,A,0.32031,0000000000000000x,0.0
1io2_D7N,-1.67,1io2,D7N,7,D,N,0.0536763,0000000010000000x,1.0
1io2_E8A,-2.65,1io2,E8A,8,E,A,1.64088,0000000000010000x,1.0
1io2_E8Q,-0.6,1io2,E8Q,8,E,Q,2.3652,0000000010010000x,1.0
1io2_I15A,2.12,1io2,I15A,15,I,A,3.99235,0000000000000000x,0.0
1io2_I20A,4.42,1io2,I20A,20,I,A,4.00359,0000000000000000x,0.0
1io2_L33A,4.54,1io2,L33A,33,L,A,3.24713,0000000000000100x,1.0
1io2_I56A,3.97,1io2,I56A,56,I,A,3.5057,0000000000000000x,0.0
1io2_L92A,2.87,1io2,L92A,92,L,A,3.34801,0000000000000000x,0.0
1io2_I102A,4.04,1io2,I102A,102,I,A,4.14481,0000000000000000x,0.0
1io2_D105A,-1.58,1io2,D105A,105,D,A,-1.55341,0000000000100000x,1.0
1io2_L118A,5.26,1io2,L118A,118,L,A,3.7503,0000000000000000x,0.0
1io2_D135A,-2.56,1io2,D135A,135,D,A,-1.73452,0000000000000000x,0.0
1io2_L147A,2.61,1io2,L147A,147,L,A,3.88593,0000000000000000x,0.0
1ke4_Y150F,0.7,1ke4,Y150F,150,Y,F,0.983793,0000000000000000x,0.0
1kf2_V47A,3.72,1kf2,V47A,47,V,A,3.24364,0000000000000000x,0.0
1kf2_V54A,2.58,1kf2,V54A,54,V,A,2.86436,0000000000000000x,0.0
1kf2_V54G,4.87,1kf2,V54G,54,V,G,4.63949,0000000000000000x,0.0
1kf2_V54I,1.95,1kf2,V54I,54,V,I,-0.189899,0000000000000000x,0.0
1kf2_V54L,1.08,1kf2,V54L,54,V,L,0.29099200000000003,0000000000000000x,0.0
1kf2_V57A,2.85,1kf2,V57A,57,V,A,1.53356,0000000000000000x,0.0
1kf2_V57G,5.52,1kf2,V57G,57,V,G,3.44912,0000000000000000x,0.0
1kf2_V57I,1.3,1kf2,V57I,57,V,I,0.176249,0000000000000000x,0.0
1kf2_V57L,2.37,1kf2,V57L,57,V,L,1.55559,0000000000000000x,0.0
1kf2_V63A,2.02,1kf2,V63A,63,V,A,1.51251,0000000000000000x,0.0
1kf2_V63G,3.5,1kf2,V63G,63,V,G,2.4140200000000003,0000000000000000x,0.0
1kf2_A64G,0.43,1kf2,A64G,64,A,G,0.496624,0000000000000000x,0.0
1kf2_I81A,2.99,1kf2,I81A,81,I,A,3.3902300000000003,0000000000000000x,0.0
1kf2_I81G,4.8,1kf2,I81G,81,I,G,4.4843199999999985,0000000000000100x,1.0
1kf2_I81V,0.43,1kf2,I81V,81,I,V,0.428033,0000000000000000x,0.0
1kf2_Y97F,3.54,1kf2,Y97F,97,Y,F,0.474041,0000000000000000x,0.0
1kf2_I106A,4.37,1kf2,I106A,106,I,A,4.00095,0000000000000000x,0.0
1kf2_I106L,1.79,1kf2,I106L,106,I,L,1.11814,0000000000000000x,0.0
1kf2_I106V,0.8,1kf2,I106V,106,I,V,0.954038,0000000000000000x,0.0
1kf2_I107A,2.84,1kf2,I107A,107,I,A,3.0834,0000000000000000x,0.0
1kf2_I107L,2.19,1kf2,I107L,107,I,L,0.630784,0000000000000000x,0.0
1kf2_I107V,0.08,1kf2,I107V,107,I,V,0.48583,0000000000000000x,0.0
1kf2_V108A,4.2,1kf2,V108A,108,V,A,3.13681,0000000000000000x,0.0
1kf2_V108I,0.43,1kf2,V108I,108,V,I,0.411144,0000000000000000x,0.0
1kf2_V108L,0.7,1kf2,V108L,108,V,L,-0.400904,0000000000000000x,0.0
1kf2_A109G,0.43,1kf2,A109G,109,A,G,1.38036,0000000000000000x,0.0
1kf2_V116A,0.66,1kf2,V116A,116,V,A,1.30493,0000000000000000x,0.0
1kf2_V116G,1.18,1kf2,V116G,116,V,G,1.9908,0000000000000000x,0.0
1kf2_V118A,1.92,1kf2,V118A,118,V,A,1.6763099999999995,0000000000000000x,0.0
1kf2_V118G,2.77,1kf2,V118G,118,V,G,2.50125,0000000000000000x,0.0
1kf3_F46L,3.2,1kf3,F46L,46,F,L,1.46733,0000000000000000x,0.0
1kf3_F46V,4.54,1kf3,F46V,46,F,V,2.98027,0000000000000000x,0.0
1kf3_N67D,-0.61,1kf3,N67D,67,N,D,0.989699,0000000000000000x,0.0
1kf3_S75A,2.5,1kf3,S75A,75,S,A,0.553772,0000000000100000x,1.0
1kf3_S75T,2.8,1kf3,S75T,75,S,T,2.04637,0000000000000000x,0.0
1kf3_P93G,2.2,1kf3,P93G,93,P,G,1.23338,0000000000000010x,1.0
1kf3_P114G,3.3,1kf3,P114G,114,P,G,1.57547,0000000000000010x,1.0
1kf5_A4S,0.51,1kf5,A4S,4,A,S,0.644357,0000000000000000x,0.0
1kf5_A5S,0.37,1kf5,A5S,5,A,S,0.277395,0000000000000000x,0.0
1kf5_S123A,-0.46,1kf5,S123A,123,S,A,0.183385,0000000000000000x,0.0
1kfw_G92P,-0.5,1kfw,G92P,92,G,P,-1.57753,0000000000000000x,0.0
1kfw_N197K,-0.8,1kfw,N197K,197,N,K,-0.420325,0000000000000000x,0.0
1kfw_G405Q,-0.62,1kfw,G405Q,405,G,Q,2.24006,0000000000000000x,0.0
1l63_M6A,1.22,1l63,M6A,6,M,A,0.87534,0000000000000000x,0.0
1l63_M6L,4.98,1l63,M6L,6,M,L,0.17382999999999998,0000000000000000x,0.0
1l63_L7A,2.26,1l63,L7A,7,L,A,0.48879,0000000000000000x,0.0
1l63_E11H,0.71,1l63,E11H,11,E,H,2.66242,0000000000000000x,0.0
1l63_E11N,1.43,1l63,E11N,11,E,N,-0.847748,0000000000000000x,0.0
1l63_R14K,0.03,1l63,R14K,14,R,K,0.260444,0000000000000000x,0.0
1l63_I17A,4.21,1l63,I17A,17,I,A,2.59203,0000000000000100x,1.0
1l63_I17M,3.28,1l63,I17M,17,I,M,0.735539,0000000000000000x,0.0
1l63_D20A,0.5,1l63,D20A,20,D,A,1.4412200000000002,0000000000000000x,0.0
1l63_D20N,-1.11,1l63,D20N,20,D,N,-1.4385,0000000000000000x,0.0
1l63_D20S,0.18,1l63,D20S,20,D,S,1.09995,0000000000000000x,0.0
1l63_D20T,-0.58,1l63,D20T,20,D,T,2.67829,0000000000000000x,0.0
1l63_E22K,-0.57,1l63,E22K,22,E,K,-0.18562,0000000000000000x,0.0
1l63_T26S,-0.57,1l63,T26S,26,T,S,0.957031,0000000000000000x,0.0
1l63_I27A,3.1,1l63,I27A,27,I,A,3.06551,0000000000000000x,0.0
1l63_I27M,7.09,1l63,I27M,27,I,M,2.59085,0000000000000000x,0.0
1l63_G28A,2.2,1l63,G28A,28,G,A,3.82194,0000000001000000x,1.0
1l63_I29A,2.6,1l63,I29A,29,I,A,2.74076,0000000000000000x,0.0
1l63_L33A,5.17,1l63,L33A,33,L,A,3.4715,0000000000000000x,0.0
1l63_L33M,2.64,1l63,L33M,33,L,M,0.036576099999999986,0000000000000000x,0.0
1l63_S38N,0.0,1l63,S38N,38,S,N,-0.193319,0000000000000000x,0.0
1l63_L39A,0.9,1l63,L39A,39,L,A,1.42371,0000000000000000x,0.0
1l63_N40A,0.17,1l63,N40A,40,N,A,-0.294039,0000000000000000x,0.0
1l63_N40D,-0.44,1l63,N40D,40,N,D,-1.38522,0000000000000000x,0.0
1l63_A41D,-0.29,1l63,A41D,41,A,D,-0.659904,0000000000000000x,0.0
1l63_A41S,0.76,1l63,A41S,41,A,S,0.692181,0000000000000000x,0.0
1l63_A42F,5.18,1l63,A42F,42,A,F,27.9372,0010000000000000x,1.0
1l63_A42I,4.4,1l63,A42I,42,A,I,6.57481,0010000000000000x,1.0
1l63_A42L,5.1,1l63,A42L,42,A,L,6.24413,0010000000000000x,1.0
1l63_A42K,3.7,1l63,A42K,42,A,K,12.6958,0010000000000100x,1.0
1l63_A42V,3.54,1l63,A42V,42,A,V,3.86966,0000000000000000x,0.0
1l63_A42S,2.56,1l63,A42S,42,A,S,0.8313219999999999,0000000000000000x,0.0
1l63_K43A,2.17,1l63,K43A,43,K,A,0.762836,0000000000000000x,0.0
1l63_S44A,-0.43,1l63,S44A,44,S,A,-0.52427,0000000000000000x,0.0
1l63_S44C,0.11,1l63,S44C,44,S,C,0.45404,0000000000000000x,0.0
1l63_S44D,0.11,1l63,S44D,44,S,D,0.290814,0000000000000000x,0.0
1l63_S44E,0.0,1l63,S44E,44,S,E,-0.296902,0000000000000000x,0.0
1l63_S44F,-0.06,1l63,S44F,44,S,F,-0.553902,0000000000000000x,0.0
1l63_S44G,0.53,1l63,S44G,44,S,G,0.4686270000000001,0000000000000000x,0.0
1l63_S44H,-0.04,1l63,S44H,44,S,H,-0.107038,0000000000000000x,0.0
1l63_S44I,-0.31,1l63,S44I,44,S,I,0.75576,0000000000000000x,0.0
1l63_S44K,-0.2,1l63,S44K,44,S,K,-0.506347,0000000000000000x,0.0
1l63_S44L,-0.39,1l63,S44L,44,S,L,-0.6628149999999999,0000000000000000x,0.0
1l63_S44M,-0.33,1l63,S44M,44,S,M,-0.531021,0000000000000000x,0.0
1l63_S44N,0.14,1l63,S44N,44,S,N,-0.334418,0000000000000000x,0.0
1l63_S44P,3.03,1l63,S44P,44,S,P,4.0464400000000005,0000000000000000x,0.0
1l63_S44Q,-0.27,1l63,S44Q,44,S,Q,-0.07327539999999999,0000000000000000x,0.0
1l63_S44R,-0.24,1l63,S44R,44,S,R,-0.547998,0000000000000000x,0.0
1l63_S44T,-0.01,1l63,S44T,44,S,T,1.43082,0000000000000000x,0.0
1l63_S44V,-0.1,1l63,S44V,44,S,V,1.30231,0000000000000000x,0.0
1l63_S44W,-0.05,1l63,S44W,44,S,W,-0.503293,0000000000000000x,0.0
1l63_S44Y,-0.19,1l63,S44Y,44,S,Y,-0.7715810000000001,0000000000000000x,0.0
1l63_E45A,0.33,1l63,E45A,45,E,A,-0.31768,0000000000000000x,0.0
1l63_L46A,4.21,1l63,L46A,46,L,A,3.24942,0000000000000000x,0.0
1l63_D47A,1.64,1l63,D47A,47,D,A,1.7092,0000000000000000x,0.0
1l63_K48A,1.92,1l63,K48A,48,K,A,0.059964,0000000000000000x,0.0
1l63_A49S,0.42,1l63,A49S,49,A,S,0.304259,0000000000000000x,0.0
1l63_I50A,1.75,1l63,I50A,50,I,A,2.0355,0000000000000000x,0.0
1l63_I50M,1.19,1l63,I50M,50,I,M,0.264335,0000000000000000x,0.0
1l63_I58A,3.2,1l63,I58A,58,I,A,3.60258,0000000000000000x,0.0
1l63_I58T,3.4,1l63,I58T,58,I,T,2.96766,0000000000000000x,0.0
1l63_T59A,1.5,1l63,T59A,59,T,A,0.184608,0000000000000000x,0.0
1l63_T59D,1.2,1l63,T59D,59,T,D,-1.95183,0000000000000000x,0.0
1l63_T59G,1.6,1l63,T59G,59,T,G,-0.36145,0000000000000000x,0.0
1l63_T59N,1.1,1l63,T59N,59,T,N,-0.469513,0000000000000000x,0.0
1l63_T59S,0.2,1l63,T59S,59,T,S,-1.07606,0000000000000000x,0.0
1l63_T59V,1.5,1l63,T59V,59,T,V,1.38719,0000000000000000x,0.0
1l63_K60H,0.1,1l63,K60H,60,K,H,0.7799020000000001,0000000000000000x,0.0
1l63_L66A,5.08,1l63,L66A,66,L,A,2.35837,0000000000000100x,1.0
1l63_L66M,1.03,1l63,L66M,66,L,M,-0.4567479999999999,0000000000000000x,0.0
1l63_F67A,1.9,1l63,F67A,67,F,A,4.4012400000000005,0000000000000000x,0.0
1l63_Q69P,2.9,1l63,Q69P,69,Q,P,1.87669,0000000000000000x,0.0
1l63_V71A,1.5,1l63,V71A,71,V,A,2.50233,0000000000000000x,0.0
1l63_D72P,2.7,1l63,D72P,72,D,P,2.15481,0000000000000000x,0.0
1l63_A73S,0.31,1l63,A73S,73,A,S,0.5504100000000001,0000000000000000x,0.0
1l63_A74P,4.6,1l63,A74P,74,A,P,4.1249400000000005,0100000000000000x,1.0
1l63_V75T,0.49,1l63,V75T,75,V,T,0.304467,0000000000000000x,0.0
1l63_I78A,0.57,1l63,I78A,78,I,A,3.57035,0000000000000000x,0.0
1l63_I78M,1.62,1l63,I78M,78,I,M,0.130378,0000000000000000x,0.0
1l63_I78V,0.68,1l63,I78V,78,I,V,1.08182,0000000000000000x,0.0
1l63_R80K,0.17,1l63,R80K,80,R,K,0.34076100000000004,0000000000000000x,0.0
1l63_A82S,0.2,1l63,A82S,82,A,S,0.224182,0000000000000000x,0.0
1l63_K83H,0.4,1l63,K83H,83,K,H,0.460795,0000000000000000x,0.0
1l63_L84A,3.53,1l63,L84A,84,L,A,4.09854,0000000000100000x,1.0
1l63_L84M,2.42,1l63,L84M,84,L,M,0.424727,0000000000100000x,1.0
1l63_V87A,0.57,1l63,V87A,87,V,A,1.9925,0000000000000000x,0.0
1l63_V87I,0.63,1l63,V87I,87,V,I,-0.6062029999999999,0000000000000000x,0.0
1l63_V87M,2.16,1l63,V87M,87,V,M,-0.0305153,0000000000000000x,0.0
1l63_V87T,1.17,1l63,V87T,87,V,T,1.38765,0000000000000000x,0.0
1l63_S90H,1.1,1l63,S90H,90,S,H,0.33281,0000000000000000x,0.0
1l63_L91A,2.22,1l63,L91A,91,L,A,3.29041,0000000000000000x,0.0
1l63_L91M,0.66,1l63,L91M,91,L,M,0.238318,0000000000000000x,0.0
1l63_D92N,1.4,1l63,D92N,92,D,N,4.96011,0000000000000000x,0.0
1l63_A93S,0.14,1l63,A93S,93,A,S,0.401358,0000000000000000x,0.0
1l63_A93T,-0.06,1l63,A93T,93,A,T,0.339036,0000000000000000x,0.0
1l63_V94A,1.8,1l63,V94A,94,V,A,1.072,0000000000000000x,0.0
1l63_A98S,2.08,1l63,A98S,98,A,S,0.837931,0000000000000000x,0.0
1l63_A98C,1.06,1l63,A98C,98,A,C,2.67016,0000000000000000x,0.0
1l63_A98M,4.0,1l63,A98M,98,A,M,10.1556,0000000000000000x,0.0
1l63_A98V,4.43,1l63,A98V,98,A,V,4.32218,0010000000000000x,1.0
1l63_L99A,3.34,1l63,L99A,99,L,A,3.42841,0000000000000100x,1.0
1l63_L99F,0.3,1l63,L99F,99,L,F,0.877875,0000000000000000x,0.0
1l63_L99I,1.5,1l63,L99I,99,L,I,2.23643,0000000000000000x,0.0
1l63_L99M,-0.41,1l63,L99M,99,L,M,-0.403991,0000000000000000x,0.0
1l63_L99V,2.0,1l63,L99V,99,L,V,2.28064,0000000000000000x,0.0
1l63_I100A,1.7,1l63,I100A,100,I,A,2.92529,0000000000000000x,0.0
1l63_I100M,0.8,1l63,I100M,100,I,M,0.58338,0000000000000000x,0.0
1l63_I100V,0.4,1l63,I100V,100,I,V,0.909062,0000000000000000x,0.0
1l63_N101A,1.5,1l63,N101A,101,N,A,1.70108,0000000000100000x,1.0
1l63_M102A,2.76,1l63,M102A,102,M,A,4.15321,0000000000000100x,1.0
1l63_M102L,1.71,1l63,M102L,102,M,L,2.1348,0000000000000000x,0.0
1l63_V103A,1.11,1l63,V103A,103,V,A,1.81951,0000000000000000x,0.0
1l63_V103I,0.26,1l63,V103I,103,V,I,-0.127986,0000000000000000x,0.0
1l63_V103M,1.6,1l63,V103M,103,V,M,-0.00507166,0000000000000000x,0.0
1l63_F104A,2.62,1l63,F104A,104,F,A,3.24568,0000000000000000x,0.0
1l63_F104M,1.08,1l63,F104M,104,F,M,0.403541,0000000000000000x,0.0
1l63_Q105M,1.2,1l63,Q105M,105,Q,M,-1.36211,0000000000000000x,0.0
1l63_M106A,2.0,1l63,M106A,106,M,A,3.65414,0000000000000000x,0.0
1l63_M106I,-0.02,1l63,M106I,106,M,I,2.11114,0000000000000000x,0.0
1l63_M106K,3.5,1l63,M106K,106,M,K,2.58456,0000000000000000x,0.0
1l63_M106L,0.0,1l63,M106L,106,M,L,0.42642,0000000000000000x,0.0
1l63_E108V,-0.26,1l63,E108V,108,E,V,0.8918299999999999,0000000000000000x,0.0
1l63_T109D,-0.6,1l63,T109D,109,T,D,-0.8646,0000000000000000x,0.0
1l63_T109N,-0.1,1l63,T109N,109,T,N,0.290842,0000000000000000x,0.0
1l63_V111A,0.94,1l63,V111A,111,V,A,2.4461,0000000000000000x,0.0
1l63_V111F,1.69,1l63,V111F,111,V,F,6.91825,0000000000000000x,0.0
1l63_V111I,0.85,1l63,V111I,111,V,I,-0.65383,0000000000000000x,0.0
1l63_V111M,0.43,1l63,V111M,111,V,M,-1.08187,0000000000000000x,0.0
1l63_G113E,-0.3,1l63,G113E,113,G,E,0.8007029999999999,0000000000000000x,0.0
1l63_T115A,0.14,1l63,T115A,115,T,A,0.053270500000000005,0000000000000000x,0.0
1l63_N116A,-0.17,1l63,N116A,116,N,A,-0.529822,0000000000000000x,0.0
1l63_S117A,-1.27,1l63,S117A,117,S,A,-1.36983,0000000000100000x,1.0
1l63_S117F,-1.1,1l63,S117F,117,S,F,5.5944699999999985,0000000000100000x,1.0
1l63_L118A,2.71,1l63,L118A,118,L,A,3.12666,0000000000000100x,1.0
1l63_L118I,1.18,1l63,L118I,118,L,I,1.54274,0000000000000000x,0.0
1l63_L118M,0.08,1l63,L118M,118,L,M,-0.480873,0000000000000000x,0.0
1l63_R119A,0.18,1l63,R119A,119,R,A,0.48534,0000000000000000x,0.0
1l63_R119H,0.29,1l63,R119H,119,R,H,0.6374989999999999,0000000000000000x,0.0
1l63_M120A,0.2,1l63,M120A,120,M,A,1.24854,0000000000000000x,0.0
1l63_M120K,1.98,1l63,M120K,120,M,K,0.585868,0000000000000000x,0.0
1l63_M120L,-0.42,1l63,M120L,120,M,L,-0.205893,0000000000000000x,0.0
1l63_M120Y,0.72,1l63,M120Y,120,M,Y,0.318515,0000000000000000x,0.0
1l63_L121A,2.67,1l63,L121A,121,L,A,3.66891,0000000000000100x,1.0
1l63_L121M,0.21,1l63,L121M,121,L,M,-0.42548,0000000000000000x,0.0
1l63_Q122A,0.24,1l63,Q122A,122,Q,A,0.515084,0000000000000000x,0.0
1l63_Q123A,0.22,1l63,Q123A,123,Q,A,-0.472652,0000000000000000x,0.0
1l63_A129L,1.93,1l63,A129L,129,A,L,2.10385,0010000000000000x,1.0
1l63_A129M,2.53,1l63,A129M,129,A,M,0.546032,0010000000000000x,1.0
1l63_A129F,1.85,1l63,A129F,129,A,F,12.7456,0010000000000000x,1.0
1l63_A129W,3.2,1l63,A129W,129,A,W,21.8007,0010000000000000x,1.0
1l63_A130S,0.81,1l63,A130S,130,A,S,-0.12953199999999998,0000000000000000x,0.0
1l63_L133D,7.52,1l63,L133D,133,L,D,3.35315,0001100000000000x,1.0
1l63_L133F,0.27,1l63,L133F,133,L,F,-0.795905,0000000000000000x,0.0
1l63_L133M,0.27,1l63,L133M,133,L,M,-0.394297,0000000000000000x,0.0
1l63_A134S,0.21,1l63,A134S,134,A,S,-0.0458205,0000000000000000x,0.0
1l63_N144H,-0.3,1l63,N144H,144,N,H,-0.5122899999999999,0000000000000000x,0.0
1l63_N144E,-0.5,1l63,N144E,144,N,E,-1.41504,0000000000000000x,0.0
1l63_V149A,0.71,1l63,V149A,149,V,A,1.97049,0000000000000000x,0.0
1l63_V149C,2.0,1l63,V149C,149,V,C,2.00029,0000000000000000x,0.0
1l63_V149G,4.9,1l63,V149G,149,V,G,3.84696,0000000000000000x,0.0
1l63_V149I,0.48,1l63,V149I,149,V,I,-0.6662020000000001,0000000000000000x,0.0
1l63_V149M,2.44,1l63,V149M,149,V,M,-0.058011,0000000000000000x,0.0
1l63_V149S,4.4,1l63,V149S,149,V,S,3.68566,0000000000000000x,0.0
1l63_V149T,3.0,1l63,V149T,149,V,T,2.18752,0000000000000000x,0.0
1l63_T151S,-0.39,1l63,T151S,151,T,S,0.558489,0000000000000000x,0.0
1l63_T152A,1.5,1l63,T152A,152,T,A,-0.000554724,0000000000000000x,0.0
1l63_T152C,0.5,1l63,T152C,152,T,C,0.0393492,0000000000000000x,0.0
1l63_T152I,0.4,1l63,T152I,152,T,I,-1.45874,0000000000000000x,0.0
1l63_T152S,2.0,1l63,T152S,152,T,S,1.11733,0000000000000000x,0.0
1l63_T152V,-0.2,1l63,T152V,152,T,V,-1.7624,0000000000000000x,0.0
1l63_F153A,2.84,1l63,F153A,153,F,A,4.06351,0000000000000000x,0.0
1l63_F153I,0.2,1l63,F153I,153,F,I,2.00393,0000000000000000x,0.0
1l63_F153L,-0.3,1l63,F153L,153,F,L,0.95821,0000000000000000x,0.0
1l63_F153M,0.3,1l63,F153M,153,F,M,1.07204,0000000000000000x,0.0
1l63_F153V,1.8,1l63,F153V,153,F,V,3.82878,0000000000000000x,0.0
1lhm_V2A,1.8,1lhm,V2A,2,V,A,0.440539,0000000000000000x,0.0
1lhm_I23V,0.37,1lhm,I23V,23,I,V,1.2119799999999998,0000000000000000x,0.0
1lhm_I56V,1.18,1lhm,I56V,56,I,V,1.31597,0000000000000000x,0.0
1lhm_I59A,1.06,1lhm,I59A,59,I,A,3.26208,0000000000000000x,0.0
1lhm_I59V,1.2,1lhm,I59V,59,I,V,1.22778,0000000000000000x,0.0
1lhm_V74A,0.67,1lhm,V74A,74,V,A,0.465288,0000000000000000x,0.0
1lhm_I89V,0.67,1lhm,I89V,89,I,V,1.35146,0000000000000000x,0.0
1lhm_V93A,0.79,1lhm,V93A,93,V,A,1.9264,0000000000000000x,0.0
1lhm_V99A,1.21,1lhm,V99A,99,V,A,1.7889,0000000000000000x,0.0
1lhm_V100A,1.08,1lhm,V100A,100,V,A,2.59886,0000000000100000x,1.0
1lhm_I106V,1.31,1lhm,I106V,106,I,V,1.4272200000000002,0000000000000000x,0.0
1lhm_V110A,-0.12,1lhm,V110A,110,V,A,-0.138335,0000000000000000x,0.0
1lhm_V121A,1.96,1lhm,V121A,121,V,A,0.78691,0000000000000000x,0.0
1lhm_V125A,1.06,1lhm,V125A,125,V,A,2.15475,0000000000000000x,0.0
1lhm_V130A,0.93,1lhm,V130A,130,V,A,1.54346,0000000000000000x,0.0
1lni_V2T,0.9,1lni,V2T,2,V,T,0.50247,0000000000000000x,0.0
1lni_T5V,0.0,1lni,T5V,5,T,V,0.150523,0000000000000000x,0.0
1lni_T16V,-0.3,1lni,T16V,16,T,V,-0.0565645,0000000000000000x,0.0
1lni_T18V,1.4,1lni,T18V,18,T,V,0.456438,0000000000100000x,1.0
1lni_D25K,-0.9,1lni,D25K,25,D,K,-1.23413,0000000000000000x,0.0
1lni_D33A,4.05,1lni,D33A,33,D,A,2.39204,0000000000100000x,1.0
1lni_V36T,1.3,1lni,V36T,36,V,T,1.37559,0000000000000000x,0.0
1lni_Q38A,-1.0,1lni,Q38A,38,Q,A,0.204158,0000000000000000x,0.0
1lni_N39A,2.2,1lni,N39A,39,N,A,1.83703,0000000000000000x,0.0
1lni_N39D,1.5,1lni,N39D,39,N,D,3.6069,0000000000000000x,0.0
1lni_N39S,2.3,1lni,N39S,39,N,S,3.13247,0000000000000000x,0.0
1lni_E41K,0.7,1lni,E41K,41,E,K,-0.53578,0000000000000000x,0.0
1lni_V43T,0.5,1lni,V43T,43,V,T,0.62254,0000000000000000x,0.0
1lni_E54Q,1.7,1lni,E54Q,54,E,Q,2.0285,0000000000000000x,0.0
1lni_T56V,1.9,1lni,T56V,56,T,V,3.29596,0000000000000000x,0.0
1lni_V57T,4.4,1lni,V57T,57,V,T,2.59504,0000000000000000x,0.0
1lni_T59V,1.7,1lni,T59V,59,T,V,-0.902801,0000000000000000x,0.0
1lni_R65A,1.0,1lni,R65A,65,R,A,2.95008,0000000000000000x,0.0
1lni_T67V,0.0,1lni,T67V,67,T,V,-0.163702,0000000000000000x,0.0
1lni_T72V,0.2,1lni,T72V,72,T,V,-0.515265,0000000000100000x,1.0
1lni_E74K,-1.1,1lni,E74K,74,E,K,-0.0875734,0000000000000000x,0.0
1lni_D79A,-1.47,1lni,D79A,79,D,A,-0.827569,0000000010000000x,1.0
1lni_D79E,-1.26,1lni,D79E,79,D,E,0.05831030000000001,0000000000000000x,0.0
1lni_D79F,-1.06,1lni,D79F,79,D,F,-2.96467,0000000000000000x,0.0
1lni_D79H,-1.21,1lni,D79H,79,D,H,-0.674443,0000000000000000x,0.0
1lni_D79I,-1.02,1lni,D79I,79,D,I,-2.4321900000000003,0000000010000000x,1.0
1lni_D79K,-0.73,1lni,D79K,79,D,K,-2.17743,0000000000000000x,0.0
1lni_D79L,0.39,1lni,D79L,79,D,L,-1.35358,0000000010000000x,1.0
1lni_D79N,-1.21,1lni,D79N,79,D,N,-0.200523,0000000000000000x,0.0
1lni_D79R,0.19,1lni,D79R,79,D,R,-1.68247,0000000000000000x,0.0
1lni_D79W,-0.73,1lni,D79W,79,D,W,-1.60414,0000000000000000x,0.0
1lni_D79Y,-0.53,1lni,D79Y,79,D,Y,-2.63507,0000000000000100x,1.0
1lni_T82V,1.7,1lni,T82V,82,T,V,4.20673,0000000000100000x,1.0
1lni_H85Q,0.0,1lni,H85Q,85,H,Q,-0.105433,0000000000000000x,0.0
1lni_Q94K,-0.49,1lni,Q94K,94,Q,K,-0.6042850000000001,0000000000000000x,0.0
1lz1_K1A,2.3,1lz1,K1A,1,K,A,0.7814810000000001,0000000000000000x,0.0
1lz1_K1M,1.39,1lz1,K1M,1,K,M,0.281432,0000000000000000x,0.0
1lz1_V2A,0.76,1lz1,V2A,2,V,A,0.545678,0000000000000000x,0.0
1lz1_V2D,0.84,1lz1,V2D,2,V,D,0.1717,0000000000000000x,0.0
1lz1_V2F,0.84,1lz1,V2F,2,V,F,0.154228,0000000000000000x,0.0
1lz1_V2G,1.3,1lz1,V2G,2,V,G,0.785263,0000000000000000x,0.0
1lz1_V2I,0.41,1lz1,V2I,2,V,I,0.303806,0000000000000000x,0.0
1lz1_V2L,-0.31,1lz1,V2L,2,V,L,0.260494,0000000000000000x,0.0
1lz1_V2M,0.22,1lz1,V2M,2,V,M,0.121111,0000000000000000x,0.0
1lz1_V2N,0.77,1lz1,V2N,2,V,N,0.787895,0000000000000000x,0.0
1lz1_V2R,0.64,1lz1,V2R,2,V,R,0.269619,0000000000000000x,0.0
1lz1_V2S,0.81,1lz1,V2S,2,V,S,0.6946100000000001,0000000000000000x,0.0
1lz1_V2Y,1.6,1lz1,V2Y,2,V,Y,0.012453,0000000000000000x,0.0
1lz1_E7Q,1.43,1lz1,E7Q,7,E,Q,0.732097,0000000000000000x,0.0
1lz1_L8T,2.24,1lz1,L8T,8,L,T,0.95405,0000000000000000x,0.0
1lz1_A9S,0.18,1lz1,A9S,9,A,S,0.846339,0000000000000000x,0.0
1lz1_T11A,0.0,1lz1,T11A,11,T,A,-0.0448382,0000000000000000x,0.0
1lz1_T11V,-0.07,1lz1,T11V,11,T,V,-1.19681,0000000000000000x,0.0
1lz1_G16A,1.69,1lz1,G16A,16,G,A,2.68927,0000000000000000x,0.0
1lz1_D18N,1.7,1lz1,D18N,18,D,N,0.797658,0000000000000000x,0.0
1lz1_G19A,1.04,1lz1,G19A,19,G,A,3.50179,0000000000000000x,0.0
1lz1_Y20F,0.42,1lz1,Y20F,20,Y,F,-0.262921,0000000000000000x,0.0
1lz1_R21A,1.48,1lz1,R21A,21,R,A,0.162986,0000000000000000x,0.0
1lz1_R21G,0.72,1lz1,R21G,21,R,G,0.80706,0000000000000000x,0.0
1lz1_G22A,3.48,1lz1,G22A,22,G,A,2.66965,0000000000000000x,0.0
1lz1_I23A,0.73,1lz1,I23A,23,I,A,3.42214,0000000000000000x,0.0
1lz1_I23V,0.36,1lz1,I23V,23,I,V,1.30477,0000000000000000x,0.0
1lz1_S24A,0.46,1lz1,S24A,24,S,A,0.160501,0000000000000000x,0.0
1lz1_A32L,1.13,1lz1,A32L,32,A,L,4.75992,0000000000000000x,0.0
1lz1_A32S,0.67,1lz1,A32S,32,A,S,0.8359280000000001,0000000000000000x,0.0
1lz1_E35L,0.74,1lz1,E35L,35,E,L,-2.68861,0000000000000000x,0.0
1lz1_S36A,0.46,1lz1,S36A,36,S,A,1.23118,0000000000000000x,0.0
1lz1_G37A,0.74,1lz1,G37A,37,G,A,2.92455,0000000000000000x,0.0
1lz1_G37Q,-0.18,1lz1,G37Q,37,G,Q,2.32558,0000000000000000x,0.0
1lz1_Y38A,2.77,1lz1,Y38A,38,Y,A,3.67454,0000000000000000x,0.0
1lz1_Y38F,-0.56,1lz1,Y38F,38,Y,F,-0.4929560000000001,0000000000000000x,0.0
1lz1_Y38G,2.54,1lz1,Y38G,38,Y,G,2.39787,0000000000000000x,0.0
1lz1_T40A,1.24,1lz1,T40A,40,T,A,-0.838033,0000000000100000x,1.0
1lz1_T40V,1.02,1lz1,T40V,40,T,V,-0.525291,0000000000100000x,1.0
1lz1_T43A,-0.16,1lz1,T43A,43,T,A,0.737124,0000000000000000x,0.0
1lz1_T43V,0.27,1lz1,T43V,43,T,V,-0.429606,0000000000000000x,0.0
1lz1_Y45F,-0.98,1lz1,Y45F,45,Y,F,-0.740398,0000000000000000x,0.0
1lz1_A47P,0.02,1lz1,A47P,47,A,P,-1.00295,0000000000000000x,0.0
1lz1_G48A,1.53,1lz1,G48A,48,G,A,-0.05951430000000001,0000000000000000x,0.0
1lz1_D49N,1.0,1lz1,D49N,49,D,N,0.8541489999999999,0000000000000000x,0.0
1lz1_R50A,0.63,1lz1,R50A,50,R,A,0.707431,0000000000000000x,0.0
1lz1_R50G,1.08,1lz1,R50G,50,R,G,-1.53673,0000000000000000x,0.0
1lz1_S51A,-0.01,1lz1,S51A,51,S,A,0.8428709999999999,0000000000000000x,0.0
1lz1_T52A,-0.38,1lz1,T52A,52,T,A,0.528746,0000000000000000x,0.0
1lz1_T52V,0.44,1lz1,T52V,52,T,V,-0.7952600000000001,0000000000000000x,0.0
1lz1_Y54F,0.98,1lz1,Y54F,54,Y,F,0.8251290000000001,0000000000000000x,0.0
1lz1_I56A,2.32,1lz1,I56A,56,I,A,3.35689,0000000000000000x,0.0
1lz1_I56F,3.54,1lz1,I56F,56,I,F,5.84799,0000000000000000x,0.0
1lz1_I56L,0.41,1lz1,I56L,56,I,L,-0.125384,0000000000000000x,0.0
1lz1_I56M,1.49,1lz1,I56M,56,I,M,-0.625992,0000000000000000x,0.0
1lz1_I56T,2.31,1lz1,I56T,56,I,T,3.48801,0000000000000000x,0.0
1lz1_I56V,0.0,1lz1,I56V,56,I,V,1.4720799999999998,0000000000000000x,0.0
1lz1_Q58A,1.23,1lz1,Q58A,58,Q,A,1.02461,0000000000000100x,1.0
1lz1_Q58G,-1.61,1lz1,Q58G,58,Q,G,0.147878,0000000000000000x,0.0
1lz1_I59A,0.36,1lz1,I59A,59,I,A,2.93494,0000000000000000x,0.0
1lz1_I59F,0.67,1lz1,I59F,59,I,F,6.140619999999998,0000000000000000x,0.0
1lz1_I59G,2.17,1lz1,I59G,59,I,G,4.36538,0000000000000100x,1.0
1lz1_I59L,-0.7,1lz1,I59L,59,I,L,-0.5462279999999999,0000000000000000x,0.0
1lz1_I59M,0.8,1lz1,I59M,59,I,M,-0.388628,0000000000000000x,0.0
1lz1_I59S,2.05,1lz1,I59S,59,I,S,4.11903,0000000000000000x,0.0
1lz1_I59T,1.0,1lz1,I59T,59,I,T,3.08685,0000000000000000x,0.0
1lz1_I59V,1.19,1lz1,I59V,59,I,V,1.17844,0000000000000000x,0.0
1lz1_I59Y,3.16,1lz1,I59Y,59,I,Y,12.6479,0000000000000000x,0.0
1lz1_S61A,0.5,1lz1,S61A,61,S,A,0.808072,0000000000100000x,1.0
1lz1_Y63F,0.35,1lz1,Y63F,63,Y,F,-0.432862,0000000000000000x,0.0
1lz1_D67N,2.25,1lz1,D67N,67,D,N,3.27687,0000000000000000x,0.0
1lz1_G68A,0.97,1lz1,G68A,68,G,A,2.15667,0000000000000001x,1.0
1lz1_T70A,0.58,1lz1,T70A,70,T,A,2.4509,0000000000000000x,0.0
1lz1_T70V,0.62,1lz1,T70V,70,T,V,1.74144,0000000000000000x,0.0
1lz1_P71G,0.51,1lz1,P71G,71,P,G,1.1688,0000000000000000x,0.0
1lz1_G72A,0.31,1lz1,G72A,72,G,A,3.313,0000000000000000x,0.0
1lz1_V74A,-0.07,1lz1,V74A,74,V,A,-0.51605,0000000000000000x,0.0
1lz1_V74D,0.98,1lz1,V74D,74,V,D,-0.606412,0000000000000000x,0.0
1lz1_V74F,0.04,1lz1,V74F,74,V,F,-1.27874,0000000000000000x,0.0
1lz1_V74G,0.25,1lz1,V74G,74,V,G,-0.0744174,0000000000000000x,0.0
1lz1_V74I,1.93,1lz1,V74I,74,V,I,-0.269617,0000000000000000x,0.0
1lz1_V74L,0.4,1lz1,V74L,74,V,L,-1.49142,0000000000000000x,0.0
1lz1_V74M,0.35,1lz1,V74M,74,V,M,0.407635,0000000000000000x,0.0
1lz1_V74N,-1.16,1lz1,V74N,74,V,N,-0.722105,0000000000000000x,0.0
1lz1_V74R,1.44,1lz1,V74R,74,V,R,-1.09194,0000000000000000x,0.0
1lz1_V74S,0.0,1lz1,V74S,74,V,S,-0.16641199999999998,0000000000000000x,0.0
1lz1_V74Y,1.13,1lz1,V74Y,74,V,Y,-1.10169,0000000000000000x,0.0
1lz1_H78A,1.2,1lz1,H78A,78,H,A,0.27177,0000000000000000x,0.0
1lz1_H78G,0.76,1lz1,H78G,78,H,G,0.000663543,0000000000000000x,0.0
1lz1_S80A,-0.82,1lz1,S80A,80,S,A,0.430743,0000000000000000x,0.0
1lz1_S82A,-0.98,1lz1,S82A,82,S,A,0.188871,0000000000000000x,0.0
1lz1_I89A,1.73,1lz1,I89A,89,I,A,3.60692,0000000000000000x,0.0
1lz1_I89V,0.67,1lz1,I89V,89,I,V,1.91379,0000000000000000x,0.0
1lz1_D91P,0.7,1lz1,D91P,91,D,P,-0.96928,0000000000000000x,0.0
1lz1_A92S,2.2,1lz1,A92S,92,A,S,0.511407,0000000000000000x,0.0
1lz1_V93A,0.46,1lz1,V93A,93,V,A,1.94672,0000000000000000x,0.0
1lz1_V93T,0.78,1lz1,V93T,93,V,T,1.96376,0000000000000000x,0.0
1lz1_A96M,1.15,1lz1,A96M,96,A,M,5.14759,0000000000000000x,0.0
1lz1_A96S,0.98,1lz1,A96S,96,A,S,0.730591,0000000000000000x,0.0
1lz1_V99A,0.72,1lz1,V99A,99,V,A,2.13832,0000000000000000x,0.0
1lz1_V99T,0.89,1lz1,V99T,99,V,T,1.29043,0000000000000000x,0.0
1lz1_V100A,-0.82,1lz1,V100A,100,V,A,2.28871,0000000000000000x,0.0
1lz1_V100F,2.42,1lz1,V100F,100,V,F,8.32225,0010000000000000x,1.0
1lz1_V100T,0.82,1lz1,V100T,100,V,T,1.49443,0000000000000000x,0.0
1lz1_D102N,0.67,1lz1,D102N,102,D,N,0.122385,0000000000000000x,0.0
1lz1_P103G,0.07,1lz1,P103G,103,P,G,1.27714,0000000000000000x,0.0
1lz1_G105A,1.06,1lz1,G105A,105,G,A,3.75915,0000000000000000x,0.0
1lz1_I106A,0.8,1lz1,I106A,106,I,A,3.40267,0000000000000000x,0.0
1lz1_I106V,1.31,1lz1,I106V,106,I,V,1.26066,0000000000000000x,0.0
1lz1_V110A,-1.24,1lz1,V110A,110,V,A,-0.304757,0000000000000000x,0.0
1lz1_V110D,2.6,1lz1,V110D,110,V,D,-1.12224,0000000000000000x,0.0
1lz1_V110F,1.88,1lz1,V110F,110,V,F,-0.4725720000000001,0000000000000000x,0.0
1lz1_V110G,2.18,1lz1,V110G,110,V,G,-0.373838,0000000000000000x,0.0
1lz1_V110I,0.81,1lz1,V110I,110,V,I,-0.111875,0000000000000000x,0.0
1lz1_V110L,-0.08,1lz1,V110L,110,V,L,-0.487046,0000000000000000x,0.0
1lz1_V110M,-0.35,1lz1,V110M,110,V,M,-0.590386,0000000000000000x,0.0
1lz1_V110N,0.48,1lz1,V110N,110,V,N,-0.565753,0000000000000000x,0.0
1lz1_V110P,-0.16,1lz1,V110P,110,V,P,-1.94588,0000000000000000x,0.0
1lz1_V110R,1.58,1lz1,V110R,110,V,R,-0.200712,0000000000000000x,0.0
1lz1_V110Y,0.84,1lz1,V110Y,110,V,Y,-0.352555,0000000000000000x,0.0
1lz1_N118A,0.26,1lz1,N118A,118,N,A,0.337429,0000000000000000x,0.0
1lz1_N118G,1.68,1lz1,N118G,118,N,G,-0.447431,0000000000000000x,0.0
1lz1_D120N,0.67,1lz1,D120N,120,D,N,1.53264,0000000000000000x,0.0
1lz1_V121A,0.9,1lz1,V121A,121,V,A,1.3112700000000002,0000000000000000x,0.0
1lz1_Y124F,-0.15,1lz1,Y124F,124,Y,F,0.256905,0000000000000000x,0.0
1lz1_V125A,0.04,1lz1,V125A,125,V,A,1.89518,0000000000000000x,0.0
1lz1_G127A,0.5,1lz1,G127A,127,G,A,2.48513,0000000000000000x,0.0
1lz1_G129A,0.94,1lz1,G129A,129,G,A,2.74478,0000000000000000x,0.0
1lz1_V130A,0.5,1lz1,V130A,130,V,A,1.66538,0000000000000000x,0.0
1mjc_Y42W,-0.2,1mjc,Y42W,42,Y,W,0.40887,0000000000000000x,0.0
1mjc_S52W,0.2,1mjc,S52W,52,S,W,7.68387,0010000000000100x,1.0
1mjc_T68W,-0.7,1mjc,T68W,68,T,W,-0.0564819,0000000000000000x,0.0
1onc_M23L,2.22,1onc,M23L,23,M,L,-0.116247,0000000000000000x,0.0
1onc_F28A,5.04,1onc,F28A,28,F,A,4.1319,0000000000000000x,0.0
1onc_F28T,4.92,1onc,F28T,28,F,T,6.56005,0000000000000000x,0.0
1onc_F36Y,3.7,1onc,F36Y,36,F,Y,-0.229625,0000000000000000x,0.0
1pga_T2P,2.7,1pga,T2P,2,T,P,0.215273,0000000000000000x,0.0
1pga_I6N,1.53,1pga,I6N,6,I,N,0.5371600000000001,0000000000000000x,0.0
1pga_I6T,1.6,1pga,I6T,6,I,T,0.32497,0000000000000000x,0.0
1pga_G9P,2.4,1pga,G9P,9,G,P,0.57225,0100000001100000x,1.0
1pga_K10P,0.2,1pga,K10P,10,K,P,0.43744,0000000000000000x,0.0
1pga_V21P,-0.5,1pga,V21P,21,V,P,-1.31218,0000000000000000x,0.0
1pga_A23P,0.3,1pga,A23P,23,A,P,-1.54476,0000000000000000x,0.0
1pga_A24P,0.5,1pga,A24P,24,A,P,-0.28484,0000000000000000x,0.0
1pga_A48P,0.7,1pga,A48P,48,A,P,-0.334474,0000000000000000x,0.0
1pga_T53F,-1.01,1pga,T53F,53,T,F,0.8658399999999999,0000000000000000x,0.0
1pga_T53I,0.3,1pga,T53I,53,T,I,-1.7049599999999998,0000000000000000x,0.0
1pga_T53V,0.8,1pga,T53V,53,T,V,-1.25481,0000000000000000x,0.0
1pga_T53Y,-0.5,1pga,T53Y,53,T,Y,1.38239,0010000000000000x,1.0
1poh_K49A,-1.6,1poh,K49A,49,K,A,0.20156,0000000000000000x,0.0
1poh_K49D,-1.8,1poh,K49D,49,K,D,0.955993,0000000000000000x,0.0
1poh_K49E,-2.1,1poh,K49E,49,K,E,-0.300706,0000000000000000x,0.0
1poh_K49G,-1.2,1poh,K49G,49,K,G,0.920596,0000000000000000x,0.0
1poh_K49M,-1.0,1poh,K49M,49,K,M,-0.440266,0000000000000000x,0.0
1poh_K49N,-0.4,1poh,K49N,49,K,N,0.214612,0000000000000000x,0.0
1poh_K49Q,-1.5,1poh,K49Q,49,K,Q,-0.245353,0000000000000000x,0.0
1poh_K49R,0.2,1poh,K49R,49,K,R,0.0111719,0000000000000000x,0.0
1poh_K49S,-1.2,1poh,K49S,49,K,S,0.812096,0000000000000000x,0.0
1rbp_W24F,2.52,1rbp,W24F,24,W,F,1.98107,0000000000100000x,1.0
1rbp_W24L,2.6,1rbp,W24L,24,W,L,1.92641,0000000000100100x,1.0
1rbp_W24Y,2.2,1rbp,W24Y,24,W,Y,2.38381,0000000000000000x,0.0
1rbp_W91H,0.1,1rbp,W91H,91,W,H,2.43819,0000000000000000x,0.0
1rbp_W105F,0.44,1rbp,W105F,105,W,F,0.712925,0000000000000000x,0.0
1rbp_R139Q,2.6,1rbp,R139Q,139,R,Q,3.50864,0000000000000000x,0.0
1rn1_V16A,2.34,1rn1,V16A,16,V,A,2.77788,0000000000000000x,0.0
1rn1_V16C,4.99,1rn1,V16C,16,V,C,2.76467,0000000000000000x,0.0
1rn1_V16S,4.69,1rn1,V16S,16,V,S,3.58301,0000000000000000x,0.0
1rn1_V16T,3.65,1rn1,V16T,16,V,T,2.0103,0000000000000000x,0.0
1rn1_Y24W,-1.24,1rn1,Y24W,24,Y,W,1.15642,0000000000000000x,0.0
1rn1_Q25K,-1.4,1rn1,Q25K,25,Q,K,-0.312604,0000000000000000x,0.0
1rn1_H40T,0.26,1rn1,H40T,40,H,T,1.73594,0000000000000000x,0.0
1rn1_Y42W,0.14,1rn1,Y42W,42,Y,W,5.73698,0000000000100000x,1.0
1rn1_N44A,1.6,1rn1,N44A,44,N,A,1.29488,0000000000000000x,0.0
1rn1_N44D,1.6,1rn1,N44D,44,N,D,1.15891,0000000000000000x,0.0
1rn1_N44S,1.5,1rn1,N44S,44,N,S,2.30456,0000000000000000x,0.0
1rn1_D49A,-0.5,1rn1,D49A,49,D,A,0.055445400000000006,0000000000000000x,0.0
1rn1_D49F,0.4,1rn1,D49F,49,D,F,0.0385449,0000000000000000x,0.0
1rn1_D49H,-1.1,1rn1,D49H,49,D,H,-0.0196051,0000000000000000x,0.0
1rn1_D49Y,0.5,1rn1,D49Y,49,D,Y,0.0500155,0000000000000000x,0.0
1rn1_D49W,0.9,1rn1,D49W,49,D,W,0.105807,0000000000000000x,0.0
1rn1_E58A,1.0,1rn1,E58A,58,E,A,1.42707,0000000010110000x,1.0
1rn1_W59Y,0.93,1rn1,W59Y,59,W,Y,0.500484,0000000000000000x,0.0
1rn1_D76A,3.8,1rn1,D76A,76,D,A,0.265943,0000000010000000x,1.0
1rn1_D76N,3.1,1rn1,D76N,76,D,N,0.662462,0000000010000000x,1.0
1rn1_D76S,3.1,1rn1,D76S,76,D,S,-0.510472,0000000010000000x,1.0
1rn1_V78A,4.08,1rn1,V78A,78,V,A,2.80333,0000000000000000x,0.0
1rn1_V78S,4.87,1rn1,V78S,78,V,S,4.5155,0000000000000000x,0.0
1rn1_V78T,3.59,1rn1,V78T,78,V,T,2.71172,0000000000000000x,0.0
1rn1_V89C,3.54,1rn1,V89C,89,V,C,1.9504,0000000000000000x,0.0
1rn1_V89T,3.07,1rn1,V89T,89,V,T,1.7483799999999998,0000000000000000x,0.0
1rn1_H92A,1.53,1rn1,H92A,92,H,A,-0.220562,0000000000000000x,0.0
1rro_P21A,0.74,1rro,P21A,21,P,A,1.21054,0000000000000000x,0.0
1rro_P26A,0.74,1rro,P26A,26,P,A,2.16928,0000000000000000x,0.0
1shf_F87A,1.34,1shf,F87A,87,F,A,3.61879,0000000000000000x,0.0
1shf_F87L,1.99,1shf,F87L,87,F,L,1.10884,0000000000000000x,0.0
1shf_F87V,0.47,1shf,F87V,87,F,V,1.35204,0000000000000000x,0.0
1shf_A89G,1.56,1shf,A89G,89,A,G,1.63068,0000000000000000x,0.0
1shf_A89S,1.26,1shf,A89S,89,A,S,0.770123,0000000000000000x,0.0
1shf_L101F,1.2,1shf,L101F,101,L,F,0.421269,0000000000000000x,0.0
1shf_L101I,0.69,1shf,L101I,101,L,I,1.28449,0000000000000000x,0.0
1shf_L101V,1.63,1shf,L101V,101,L,V,1.9223,0000000000000000x,0.0
1shf_F103L,1.11,1shf,F103L,103,F,L,4.7301400000000005,0000000000000000x,0.0
1shf_F103V,1.88,1shf,F103V,103,F,V,3.45672,0000000000000000x,0.0
1shf_E107A,1.27,1shf,E107A,107,E,A,0.964728,0000000000000000x,0.0
1shf_E107D,-0.68,1shf,E107D,107,E,D,1.08016,0000000000000000x,0.0
1shf_E107F,1.63,1shf,E107F,107,E,F,6.4288,0000000000000000x,0.0
1shf_E107H,0.99,1shf,E107H,107,E,H,5.49319,0000000000000000x,0.0
1shf_E107K,0.97,1shf,E107K,107,E,K,0.693281,0000000000000000x,0.0
1shf_E107P,1.71,1shf,E107P,107,E,P,8.109210000000001,0000000000000000x,0.0
1shf_E107Q,0.74,1shf,E107Q,107,E,Q,1.13932,0000000000000000x,0.0
1shf_E107S,1.64,1shf,E107S,107,E,S,1.46759,0000000000000000x,0.0
1shf_E107T,0.6,1shf,E107T,107,E,T,0.557967,0000000000000000x,0.0
1shf_E107V,2.0,1shf,E107V,107,E,V,0.0284597,0000000000000000x,0.0
1shf_E107Y,2.4,1shf,E107Y,107,E,Y,11.9856,0000000000000000x,0.0
1shf_F109I,1.99,1shf,F109I,109,F,I,2.99628,0000000000000000x,0.0
1shf_F109L,0.76,1shf,F109L,109,F,L,1.73063,0000000000000000x,0.0
1shf_F109V,2.11,1shf,F109V,109,F,V,2.61561,0000000000000000x,0.0
1shf_I111L,1.01,1shf,I111L,111,I,L,-0.177721,0000000000000000x,0.0
1shf_I111V,0.16,1shf,I111V,111,I,V,1.17481,0000000000000000x,0.0
1shf_W120F,0.55,1shf,W120F,120,W,F,2.00752,0000000000000000x,0.0
1shf_W120L,0.4,1shf,W120L,120,W,L,0.373858,0000000000000000x,0.0
1shf_W120V,0.99,1shf,W120V,120,W,V,1.15891,0000000000000000x,0.0
1shf_A122G,1.35,1shf,A122G,122,A,G,1.77604,0000000000000000x,0.0
1shf_A122V,-0.18,1shf,A122V,122,A,V,-1.30634,0000000000000000x,0.0
1shf_S124A,0.71,1shf,S124A,124,S,A,0.630732,0000000000100000x,1.0
1shf_S124F,1.9,1shf,S124F,124,S,F,3.53189,0010000000100000x,1.0
1shf_S124H,1.25,1shf,S124H,124,S,H,2.78415,0010100000100000x,1.0
1shf_S124I,1.41,1shf,S124I,124,S,I,1.86111,0000000000100000x,1.0
1shf_S124K,-0.11,1shf,S124K,124,S,K,-1.12334,0000100000000000x,1.0
1shf_S124L,0.37,1shf,S124L,124,S,L,0.459059,0000000000100000x,1.0
1shf_S124N,0.73,1shf,S124N,124,S,N,1.79733,0000000000000000x,0.0
1shf_S124R,0.18,1shf,S124R,124,S,R,-1.00236,0010100000000000x,1.0
1shf_S124T,1.65,1shf,S124T,124,S,T,0.967924,0000000000100000x,1.0
1shf_S124V,1.1,1shf,S124V,124,S,V,1.62888,0000000000100000x,1.0
1shf_S124Y,2.27,1shf,S124Y,124,S,Y,7.463019999999998,0010000000100000x,1.0
1shf_I133L,0.75,1shf,I133L,133,I,L,0.370197,0000000000000000x,0.0
1shf_I133V,0.04,1shf,I133V,133,I,V,0.552158,0000000000000000x,0.0
1shf_V138A,2.13,1shf,V138A,138,V,A,2.9006,0000000000000100x,1.0
1shf_V138F,0.73,1shf,V138F,138,V,F,8.15732,0000000000000000x,0.0
1shf_V138I,-0.17,1shf,V138I,138,V,I,-0.227596,0000000000000000x,0.0
1shf_V138L,0.12,1shf,V138L,138,V,L,0.90222,0000000000000000x,0.0
1shg_N47A,0.46,1shg,N47A,47,N,A,1.6335,0000000000000000x,0.0
1shg_D48G,-1.05,1shg,D48G,48,D,G,-0.197821,0000000000000000x,0.0
1shg_A56G,0.55,1shg,A56G,56,A,G,0.465101,0000000000000000x,0.0
1shg_A56E,0.46,1shg,A56E,56,A,E,-0.405694,0000000000000000x,0.0
1shg_A56K,0.07,1shg,A56K,56,A,K,-0.496845,0000000000000000x,0.0
1tpk_V65A,2.0,1tpk,V65A,65,V,A,2.1636900000000003,0000000000000000x,0.0
1tpk_V65I,-0.3,1tpk,V65I,65,V,I,0.0809373,0000000000000000x,0.0
1tpk_V65L,1.9,1tpk,V65L,65,V,L,1.40314,0000000000000000x,0.0
1tpk_V65M,2.2,1tpk,V65M,65,V,M,3.91009,0000000000000000x,0.0
1tpk_V65S,2.4,1tpk,V65S,65,V,S,2.84677,0000000000000000x,0.0
1tpk_V65T,1.0,1tpk,V65T,65,V,T,2.10928,0000000000000000x,0.0
1wq5_C81A,-0.18,1wq5,C81A,81,C,A,-0.00953462,0000000000100000x,1.0
1wq5_C81G,0.45,1wq5,C81G,81,C,G,2.04863,0000000000100000x,1.0
1wq5_C81S,-0.26,1wq5,C81S,81,C,S,0.644907,0000000000000000x,0.0
1wq5_C81V,1.71,1wq5,C81V,81,C,V,-1.12429,0000000000100000x,1.0
1wq5_P96A,-0.48,1wq5,P96A,96,P,A,3.39325,0000010000000000x,1.0
1wq5_K109N,0.09,1wq5,K109N,109,K,N,1.18464,0000000000000000x,0.0
1wq5_C118A,-1.07,1wq5,C118A,118,C,A,0.0373507,0000000000100000x,1.0
1wq5_C118S,-1.24,1wq5,C118S,118,C,S,1.40276,0000000000000000x,0.0
1wq5_C118V,-1.19,1wq5,C118V,118,C,V,0.698963,0000000000100000x,1.0
1wq5_P132A,0.01,1wq5,P132A,132,P,A,1.82577,0000000000000000x,0.0
1wq5_P132G,0.75,1wq5,P132G,132,P,G,2.45288,0000000000000000x,0.0
1wq5_C154A,0.54,1wq5,C154A,154,C,A,0.8279989999999999,0000000000100000x,1.0
1wq5_C154S,1.4,1wq5,C154S,154,C,S,1.96502,0000000000000000x,0.0
1wq5_C154V,-0.91,1wq5,C154V,154,C,V,0.128874,0000000000100000x,1.0
1wq5_P207A,1.85,1wq5,P207A,207,P,A,2.21431,0000000000000000x,0.0
1wq5_G211E,-0.53,1wq5,G211E,211,G,E,19.54,0000000001000100x,1.0
1wq5_G211R,-0.53,1wq5,G211R,211,G,R,17.6973,0000000001000100x,1.0
1ycc_A7L,-0.35,1ycc,A7L,7,A,L,0.396789,0000000000000000x,0.0
1ycc_A7Y,-0.27,1ycc,A7Y,7,A,Y,0.2541,0000000000000000x,0.0
1ycc_F10I,0.91,1ycc,F10I,10,F,I,4.88071,0000000000000000x,0.0
1ycc_F10M,3.32,1ycc,F10M,10,F,M,1.50557,0000000000000000x,0.0
1ycc_F10W,1.34,1ycc,F10W,10,F,W,2.54247,0000000000000000x,0.0
1ycc_F10Y,0.67,1ycc,F10Y,10,F,Y,0.115362,0000000000000000x,0.0
1ycc_V20C,1.06,1ycc,V20C,20,V,C,1.2599200000000002,0000000000000000x,0.0
1ycc_T69E,-1.5,1ycc,T69E,69,T,E,-0.7580100000000001,0000000000000000x,0.0
1ycc_K73I,0.4,1ycc,K73I,73,K,I,0.310167,0000000000000000x,0.0
1ycc_K73V,-0.1,1ycc,K73V,73,K,V,0.609704,0000000000000000x,0.0
1ycc_K73W,1.6,1ycc,K73W,73,K,W,-0.35338200000000003,0000000000000000x,0.0
1ycc_P76G,0.78,1ycc,P76G,76,P,G,2.45569,0000000000000000x,0.0
1ycc_P76L,3.44,1ycc,P76L,76,P,L,1.67127,0000000000000000x,0.0
1ycc_P76R,0.97,1ycc,P76R,76,P,R,1.52705,0000000000000000x,0.0
1ycc_P76S,1.89,1ycc,P76S,76,P,S,2.0145,0000000000000000x,0.0
1ycc_P76V,1.07,1ycc,P76V,76,P,V,1.51011,0000000000000000x,0.0
1ycc_P76W,2.38,1ycc,P76W,76,P,W,2.38693,0000000000000000x,0.0
1ycc_P76Y,2.07,1ycc,P76Y,76,P,Y,2.07623,0000000000000000x,0.0
1ycc_F82Y,0.7,1ycc,F82Y,82,F,Y,2.26589,0000000000000000x,0.0
1ycc_L85A,2.8,1ycc,L85A,85,L,A,2.9260200000000003,0000000000000100x,1.0
1ycc_L94A,3.82,1ycc,L94A,94,L,A,3.56522,0000000000000100x,1.0
1ycc_L94I,0.02,1ycc,L94I,94,L,I,2.891,0000000000000000x,0.0
1ycc_L94T,3.27,1ycc,L94T,94,L,T,4.11479,0000000000000000x,0.0
1ycc_L94V,0.72,1ycc,L94V,94,L,V,4.0151,0000000000000000x,0.0
1ycc_T96A,-1.0,1ycc,T96A,96,T,A,-0.95858,0000000000100000x,1.0
1ycc_Y97F,-0.08,1ycc,Y97F,97,Y,F,-0.480506,0000000000000000x,0.0
1ycc_C102A,-2.9,1ycc,C102A,102,C,A,0.37732,0000000000100000x,1.0
1ycc_C102S,-2.8,1ycc,C102S,102,C,S,1.65785,0000000000000000x,0.0
1ycc_C102T,-0.8,1ycc,C102T,102,C,T,-0.603835,0000000000000000x,0.0
1yea_N52I,-2.4,1yea,N52I,52,N,I,-0.430316,0000000000000000x,0.0
1zym_H189A,0.9,1zym,H189A,189,H,A,201.962,0000000000000000x,0.0
1zym_H189E,1.31,1zym,H189E,189,H,E,202.319,0000000000000000x,0.0
2a01_L141R,0.3,2a01,L141R,141,L,R,0.112772,0000000000000000x,0.0
2hbb_K12M,-1.9,2hbb,K12M,12,K,M,-0.507217,0000000000000000x,0.0
2hbb_D23A,0.46,2hbb,D23A,23,D,A,5.87596,0000000000000000x,0.0
2hbb_D23N,0.72,2hbb,D23N,23,D,N,5.9031699999999985,0000000000000000x,0.0
2hip_Y12F,2.3,2hip,Y12F,12,Y,F,1.34079,0000000000100000x,1.0
2lzm_I3A,0.7,2lzm,I3A,3,I,A,0.65468,0000000000000000x,0.0
2lzm_I3C,-0.43,2lzm,I3C,3,I,C,0.64891,0000000000000000x,0.0
2lzm_I3D,3.2,2lzm,I3D,3,I,D,0.5825899999999999,0000000000000000x,0.0
2lzm_I3E,2.0,2lzm,I3E,3,I,E,0.33955,0000000000000000x,0.0
2lzm_I3F,1.1,2lzm,I3F,3,I,F,0.48116,0000000000000000x,0.0
2lzm_I3G,2.1,2lzm,I3G,3,I,G,0.21775,0000000000000000x,0.0
2lzm_I3L,-0.4,2lzm,I3L,3,I,L,0.594025,0000000000000000x,0.0
2lzm_I3M,0.9,2lzm,I3M,3,I,M,0.07371710000000001,0000000000000000x,0.0
2lzm_I3P,2.53,2lzm,I3P,3,I,P,0.766749,0000000000000000x,0.0
2lzm_I3S,1.7,2lzm,I3S,3,I,S,0.88718,0000000000000000x,0.0
2lzm_I3T,2.3,2lzm,I3T,3,I,T,0.51649,0000000000000000x,0.0
2lzm_I3V,0.4,2lzm,I3V,3,I,V,0.10527,0000000000000000x,0.0
2lzm_I3W,2.8,2lzm,I3W,3,I,W,0.45712,0000000000000000x,0.0
2lzm_I3Y,2.3,2lzm,I3Y,3,I,Y,0.8212700000000001,0000000000000000x,0.0
2lzm_M6I,1.38,2lzm,M6I,6,M,I,0.11946,0000000000000000x,0.0
2lzm_E11A,-1.1,2lzm,E11A,11,E,A,0.640432,0000000000000000x,0.0
2lzm_E11F,-1.7,2lzm,E11F,11,E,F,2.50117,0000000000000000x,0.0
2lzm_E11M,-1.6,2lzm,E11M,11,E,M,-0.179953,0000000000000000x,0.0
2lzm_K16E,-0.5,2lzm,K16E,16,K,E,0.036292800000000014,0000000000000000x,0.0
2lzm_G30A,-0.1,2lzm,G30A,30,G,A,4.57556,0000000000000000x,0.0
2lzm_G30F,1.5,2lzm,G30F,30,G,F,7.84484,0000000000000000x,0.0
2lzm_P37A,0.3,2lzm,P37A,37,P,A,0.242681,0000000000000000x,0.0
2lzm_S38A,0.77,2lzm,S38A,38,S,A,0.591303,0000000000000000x,0.0
2lzm_S38D,-0.2,2lzm,S38D,38,S,D,-3.49582,0000000000000000x,0.0
2lzm_L39P,2.8,2lzm,L39P,39,L,P,-0.635055,0000000000000000x,0.0
2lzm_A41V,-0.16,2lzm,A41V,41,A,V,0.0499086,0000000000000000x,0.0
2lzm_S44A,-0.44,2lzm,S44A,44,S,A,-0.139997,0000000000000000x,0.0
2lzm_C54T,-0.3,2lzm,C54T,54,C,T,-0.640475,0000000000000000x,0.0
2lzm_C54V,0.7,2lzm,C54V,54,C,V,1.73037,0000000000000000x,0.0
2lzm_N55G,0.6,2lzm,N55G,55,N,G,-0.985527,0000000000000000x,0.0
2lzm_K60P,0.0,2lzm,K60P,60,K,P,-0.641775,0000000000000000x,0.0
2lzm_N68A,-0.05,2lzm,N68A,68,N,A,0.045215,0000000000000000x,0.0
2lzm_G77A,-0.4,2lzm,G77A,77,G,A,-1.18964,0000000001000100x,1.0
2lzm_A82P,-0.8,2lzm,A82P,82,A,P,-1.2712,0000000000000000x,0.0
2lzm_P86A,0.4,2lzm,P86A,86,P,A,2.2096400000000003,0000000000000000x,0.0
2lzm_A93P,-0.1,2lzm,A93P,93,A,P,-1.43583,0000000000000000x,0.0
2lzm_R96H,2.8,2lzm,R96H,96,R,H,43.0664,0000000000000000x,0.0
2lzm_A98V,8.05,2lzm,A98V,98,A,V,3.27221,0000000000000000x,0.0
2lzm_M102V,3.9,2lzm,M102V,102,M,V,2.9746900000000003,0000000000000000x,0.0
2lzm_Q105A,0.6,2lzm,Q105A,105,Q,A,0.457592,0000000000000000x,0.0
2lzm_Q105E,1.1,2lzm,Q105E,105,Q,E,0.350426,0000000000000000x,0.0
2lzm_Q105G,1.5,2lzm,Q105G,105,Q,G,1.8169,0000000000000000x,0.0
2lzm_G113A,-0.3,2lzm,G113A,113,G,A,-0.211079,0000000000000000x,0.0
2lzm_T115E,-0.3,2lzm,T115E,115,T,E,-0.427683,0000000000000000x,0.0
2lzm_N116D,0.06,2lzm,N116D,116,N,D,-0.732871,0000000000000000x,0.0
2lzm_S117F,-1.1,2lzm,S117F,117,S,F,8.35332,0000000000100000x,1.0
2lzm_S117I,-1.7,2lzm,S117I,117,S,I,-2.40318,0000000000100000x,1.0
2lzm_S117V,-2.0,2lzm,S117V,117,S,V,-0.972396,0000000000100000x,1.0
2lzm_R119E,0.04,2lzm,R119E,119,R,E,-0.219785,0000000000000000x,0.0
2lzm_R119M,-0.1,2lzm,R119M,119,R,M,-0.745787,0000000000000000x,0.0
2lzm_Q123E,-0.4,2lzm,Q123E,123,Q,E,-0.173843,0000000000000000x,0.0
2lzm_K124G,0.1,2lzm,K124G,124,K,G,0.213517,0000000000000000x,0.0
2lzm_E128A,-0.16,2lzm,E128A,128,E,A,-0.010095200000000002,0000000000000000x,0.0
2lzm_E128K,1.33,2lzm,E128K,128,E,K,-0.420399,0000000000000000x,0.0
2lzm_A129V,0.8,2lzm,A129V,129,A,V,-1.20874,0000000000000000x,0.0
2lzm_V131A,-0.05,2lzm,V131A,131,V,A,-0.251018,0000000000000000x,0.0
2lzm_V131D,-0.08,2lzm,V131D,131,V,D,-0.0582617,0000000000000000x,0.0
2lzm_V131E,-0.2,2lzm,V131E,131,V,E,-0.464588,0000000000000000x,0.0
2lzm_V131G,0.68,2lzm,V131G,131,V,G,0.451179,0000000000000000x,0.0
2lzm_V131I,-0.16,2lzm,V131I,131,V,I,-0.55024,0000000000000000x,0.0
2lzm_V131L,-0.09,2lzm,V131L,131,V,L,-0.509795,0000000000000000x,0.0
2lzm_V131M,-0.12,2lzm,V131M,131,V,M,-0.410734,0000000000000000x,0.0
2lzm_V131S,0.05,2lzm,V131S,131,V,S,0.452979,0000000000000000x,0.0
2lzm_V131T,0.12,2lzm,V131T,131,V,T,0.078148,0000000000000000x,0.0
2lzm_N132F,-1.3,2lzm,N132F,132,N,F,0.400204,0000000000000000x,0.0
2lzm_N132I,-1.2,2lzm,N132I,132,N,I,0.501173,0000000000000000x,0.0
2lzm_N132M,-1.5,2lzm,N132M,132,N,M,-0.4588430000000001,0000000000000000x,0.0
2lzm_L133A,3.6,2lzm,L133A,133,L,A,3.4058300000000004,0000000000000100x,1.0
2lzm_L133F,0.2,2lzm,L133F,133,L,F,-0.95196,0000000000000000x,0.0
2lzm_K135E,1.0,2lzm,K135E,135,K,E,1.7094599999999998,0000000000000000x,0.0
2lzm_P143A,1.0,2lzm,P143A,143,P,A,1.88676,0000000000000000x,0.0
2lzm_N144D,-0.3,2lzm,N144D,144,N,D,-2.41303,0000000000000000x,0.0
2lzm_A146T,4.07,2lzm,A146T,146,A,T,0.560547,0000000000000000x,0.0
2lzm_K147E,0.7,2lzm,K147E,147,K,E,0.147679,0000000000000000x,0.0
2lzm_V149C,2.44,2lzm,V149C,149,V,C,1.96756,0000000000000000x,0.0
2lzm_T152S,2.88,2lzm,T152S,152,T,S,1.4084,0000000000000000x,0.0
2lzm_R154E,1.1,2lzm,R154E,154,R,E,0.156015,0000000000000000x,0.0
2lzm_T157A,1.4,2lzm,T157A,157,T,A,2.1667400000000003,0000000000000000x,0.0
2lzm_T157C,1.3,2lzm,T157C,157,T,C,2.29457,0000000000000000x,0.0
2lzm_T157N,0.45,2lzm,T157N,157,T,N,0.97493,0000000000000000x,0.0
2lzm_T157E,1.5,2lzm,T157E,157,T,E,2.05596,0000000000000000x,0.0
2lzm_T157F,2.4,2lzm,T157F,157,T,F,1.57952,0000000000000000x,0.0
2lzm_T157G,1.1,2lzm,T157G,157,T,G,2.37399,0000000000000000x,0.0
2lzm_T157H,2.1,2lzm,T157H,157,T,H,1.59041,0000000000000000x,0.0
2lzm_T157I,2.9,2lzm,T157I,157,T,I,2.89966,0000000000000000x,0.0
2lzm_T157L,1.3,2lzm,T157L,157,T,L,2.21752,0000000000000000x,0.0
2lzm_T157D,1.1,2lzm,T157D,157,T,D,2.1915,0000000000000000x,0.0
2lzm_T157R,1.3,2lzm,T157R,157,T,R,0.980441,0000000000000000x,0.0
2lzm_T157S,0.66,2lzm,T157S,157,T,S,0.236146,0000000000000000x,0.0
2lzm_T157V,1.6,2lzm,T157V,157,T,V,2.87551,0000000000000000x,0.0
2lzm_A160T,1.65,2lzm,A160T,160,A,T,2.60101,0000000000000000x,0.0
2rn2_D10A,-1.72,2rn2,D10A,10,D,A,-2.18645,0000000000000000x,0.0
2rn2_D10E,-0.52,2rn2,D10E,10,D,E,-0.265244,0000000000000000x,0.0
2rn2_D10H,-1.15,2rn2,D10H,10,D,H,-2.4409,0000000000000000x,0.0
2rn2_D10N,-0.98,2rn2,D10N,10,D,N,-2.30973,0000000000000000x,0.0
2rn2_D10S,-1.27,2rn2,D10S,10,D,S,-2.39526,0000000000000000x,0.0
2rn2_G23A,-1.02,2rn2,G23A,23,G,A,2.84259,0000000001000000x,1.0
2rn2_A24V,-0.88,2rn2,A24V,24,A,V,2.78843,0000000000000000x,0.0
2rn2_R41C,-0.44,2rn2,R41C,41,R,C,0.30146100000000003,0000000000000000x,0.0
2rn2_E48A,0.16,2rn2,E48A,48,E,A,-0.287756,0000000000000000x,0.0
2rn2_E48D,0.13,2rn2,E48D,48,E,D,1.38224,0000000000000000x,0.0
2rn2_E48Q,-0.16,2rn2,E48Q,48,E,Q,0.977472,0000000000000000x,0.0
2rn2_A52C,-0.76,2rn2,A52C,52,A,C,-0.17435599999999998,0000000000000000x,0.0
2rn2_A52D,1.85,2rn2,A52D,52,A,D,1.12251,0001100000000000x,1.0
2rn2_A52E,1.52,2rn2,A52E,52,A,E,2.15715,0001100000000000x,1.0
2rn2_A52F,0.46,2rn2,A52F,52,A,F,1.77072,0000000000000000x,0.0
2rn2_A52G,2.71,2rn2,A52G,52,A,G,2.02363,0000000000000000x,0.0
2rn2_A52H,3.59,2rn2,A52H,52,A,H,3.0499,0001100000000000x,1.0
2rn2_A52I,-1.88,2rn2,A52I,52,A,I,-1.89066,0000000000000000x,0.0
2rn2_A52K,5.93,2rn2,A52K,52,A,K,-0.048912300000000006,0001100000000000x,1.0
2rn2_A52L,-1.31,2rn2,A52L,52,A,L,-2.88988,0000000000000000x,0.0
2rn2_A52M,-0.49,2rn2,A52M,52,A,M,-2.01589,0000000000000000x,0.0
2rn2_A52N,1.79,2rn2,A52N,52,A,N,0.537938,0001000000000000x,1.0
2rn2_A52P,1.64,2rn2,A52P,52,A,P,0.287745,0100000000000000x,1.0
2rn2_A52Q,1.19,2rn2,A52Q,52,A,Q,0.650243,0001000000000000x,1.0
2rn2_A52S,1.76,2rn2,A52S,52,A,S,0.61703,0000000000000000x,0.0
2rn2_A52T,0.82,2rn2,A52T,52,A,T,-0.954533,0000000000000000x,0.0
2rn2_A52V,-1.67,2rn2,A52V,52,A,V,-2.43615,0000000000000000x,0.0
2rn2_A52Y,2.31,2rn2,A52Y,52,A,Y,8.27525,0000000000000000x,0.0
2rn2_H62A,-0.55,2rn2,H62A,62,H,A,0.334484,0000000000000000x,0.0
2rn2_H62D,0.17,2rn2,H62D,62,H,D,0.775641,0000000000000000x,0.0
2rn2_H62P,-2.21,2rn2,H62P,62,H,P,-0.294493,0000000000000000x,0.0
2rn2_H62R,-0.36,2rn2,H62R,62,H,R,-0.13008699999999998,0000000000000000x,0.0
2rn2_S68A,0.45,2rn2,S68A,68,S,A,0.561662,0000000000100000x,1.0
2rn2_S68G,2.4,2rn2,S68G,68,S,G,2.175,0000000000100000x,1.0
2rn2_S68L,0.48,2rn2,S68L,68,S,L,-1.25557,0000000000100000x,1.0
2rn2_S68T,0.2,2rn2,S68T,68,S,T,1.18013,0000000000100000x,1.0
2rn2_S68V,-0.57,2rn2,S68V,68,S,V,-0.790764,0000000000100000x,1.0
2rn2_D70A,-0.58,2rn2,D70A,70,D,A,-1.42234,0000000000000000x,0.0
2rn2_D70E,-0.06,2rn2,D70E,70,D,E,-0.320326,0000000000000000x,0.0
2rn2_D70N,-0.81,2rn2,D70N,70,D,N,-1.02036,0000000000000000x,0.0
2rn2_V74A,3.4,2rn2,V74A,74,V,A,2.25705,0000000000000000x,0.0
2rn2_V74I,-0.6,2rn2,V74I,74,V,I,-0.340301,0000000000000000x,0.0
2rn2_V74L,-1.1,2rn2,V74L,74,V,L,-1.35006,0000000000000000x,0.0
2rn2_G77A,0.9,2rn2,G77A,77,G,A,2.8988,0000000001000000x,1.0
2rn2_H83A,0.12,2rn2,H83A,83,H,A,0.0592213,0000000000000000x,0.0
2rn2_K91R,0.0,2rn2,K91R,91,K,R,-0.296605,0000000000000000x,0.0
2rn2_D94E,0.4,2rn2,D94E,94,D,E,-0.0500826,0000000000000000x,0.0
2rn2_K95A,-0.1,2rn2,K95A,95,K,A,0.4535520000000001,0000000000000000x,0.0
2rn2_K95G,-1.28,2rn2,K95G,95,K,G,-1.57953,0000000000000000x,0.0
2rn2_K95N,-0.88,2rn2,K95N,95,K,N,-0.976738,0000000000000000x,0.0
2rn2_Q113P,0.6,2rn2,Q113P,113,Q,P,0.819585,0000000000000000x,0.0
2rn2_K117R,-0.03,2rn2,K117R,117,K,R,-0.18125,0000000000000000x,0.0
2rn2_E119V,-0.74,2rn2,E119V,119,E,V,0.916603,0000000000000000x,0.0
2rn2_H124A,-0.05,2rn2,H124A,124,H,A,0.276304,0000000000000000x,0.0
2rn2_A125T,0.0,2rn2,A125T,125,A,T,1.13335,0000000000000000x,0.0
2rn2_H127A,0.31,2rn2,H127A,127,H,A,0.630423,0000000000000000x,0.0
2rn2_D134A,-0.98,2rn2,D134A,134,D,A,-1.18775,0000000000000000x,0.0
2rn2_D134E,-0.91,2rn2,D134E,134,D,E,-0.6050810000000001,0000000000000000x,0.0
2rn2_D134H,-2.97,2rn2,D134H,134,D,H,-1.45618,0000000000000000x,0.0
2rn2_D134I,-1.37,2rn2,D134I,134,D,I,-1.13942,0000000000000000x,0.0
2rn2_D134L,-1.54,2rn2,D134L,134,D,L,-1.13425,0000000000000000x,0.0
2rn2_D134N,-1.64,2rn2,D134N,134,D,N,-2.79872,0000000000000000x,0.0
2rn2_D134Q,-1.33,2rn2,D134Q,134,D,Q,-1.30742,0000000000000000x,0.0
2rn2_D134S,-1.14,2rn2,D134S,134,D,S,-1.7047,0000000000000000x,0.0
2rn2_D134T,-1.07,2rn2,D134T,134,D,T,-1.8441,0000000000000000x,0.0
2rn2_D134V,-1.2,2rn2,D134V,134,D,V,-0.7970659999999999,0000000000000000x,0.0
2rn2_E135K,0.22,2rn2,E135K,135,E,K,-0.596196,0000000000000000x,0.0
2trx_D26I,-3.1,2trx,D26I,26,D,I,-5.06334,0000000010000000x,1.0
2trx_C32A,3.7,2trx,C32A,32,C,A,3.19651,1000000000000000x,1.0
2trx_C35A,3.1,2trx,C35A,35,C,A,0.959791,1000000000000000x,1.0
2trx_P40S,-1.45,2trx,P40S,40,P,S,1.87068,0000000000000000x,0.0
2trx_T66L,1.4,2trx,T66L,66,T,L,0.203986,0000000000000000x,0.0
2trx_T77V,1.1,2trx,T77V,77,T,V,-0.674353,0000000000100000x,1.0
2trx_L78K,3.9,2trx,L78K,78,L,K,2.02118,0001100000000000x,1.0
2trx_L78R,4.0,2trx,L78R,78,L,R,2.23441,0001100000000000x,1.0
3d2c_M134E,-3.02,3d2c,M134E,134,M,E,1.37415,0000000000000000x,0.0
3d2c_M137P,-3.34,3d2c,M137P,137,M,P,0.13255,0000000000000000x,0.0
3d2c_S163P,-2.11,3d2c,S163P,163,S,P,-1.87801,0000000000000000x,0.0
3mbp_P48A,2.7,3mbp,P48A,48,P,A,2.76525,0000000000000000x,0.0
3mbp_P48S,2.55,3mbp,P48S,48,P,S,3.31015,0000000000000000x,0.0
3mbp_P133A,7.8,3mbp,P133A,133,P,A,2.99765,0000000000000000x,0.0
3mbp_P133S,-1.16,3mbp,P133S,133,P,S,3.986580000000001,0000000000000000x,0.0
3mbp_P159A,0.22,3mbp,P159A,159,P,A,2.99155,0000000000000000x,0.0
3mbp_P159S,4.72,3mbp,P159S,159,P,S,4.80532,0000000000000000x,0.0
3sil_A53L,-0.81,3sil,A53L,53,A,L,6.10291,0000000000000000x,0.0
3sil_A69V,-0.62,3sil,A69V,69,A,V,2.172,0000000000000000x,0.0
451c_F7A,-1.1,451c,F7A,7,F,A,0.32639,0000000000000000x,0.0
451c_V13M,-0.4,451c,V13M,13,V,M,-0.234498,0000000000000000x,0.0
451c_F34Y,-1.9,451c,F34Y,34,F,Y,0.535665,0000000000000000x,0.0
451c_Q37R,-0.5,451c,Q37R,37,Q,R,-0.379726,0000000000000000x,0.0
451c_E43Y,-0.6,451c,E43Y,43,E,Y,0.167454,0000000000000000x,0.0
451c_V78I,-1.0,451c,V78I,78,V,I,-1.03776,0000000000000000x,0.0
4blm_S126C,-0.5,4blm,S126C,126,S,C,-1.86121,0000000000000000x,0.0
4blm_S265C,1.66,4blm,S265C,265,S,C,-0.121053,0000000000000000x,0.0
4lyz_F3Y,0.45,4lyz,F3Y,3,F,Y,0.6912560000000001,0000000000000000x,0.0
4lyz_H15L,-0.76,4lyz,H15L,15,H,L,-0.394354,0000000000000000x,0.0
4lyz_N19K,1.06,4lyz,N19K,19,N,K,-0.381811,0000000000000000x,0.0
4lyz_R21Q,0.15,4lyz,R21Q,21,R,Q,0.198433,0000000000000000x,0.0
4lyz_A31I,-1.4,4lyz,A31I,31,A,I,1.45875,0000000000000000x,0.0
4lyz_A31L,-1.8,4lyz,A31L,31,A,L,-2.24901,0000000000000000x,0.0
4lyz_A31V,-1.2,4lyz,A31V,31,A,V,1.6689599999999998,0000000000000000x,0.0
4lyz_F34Y,-0.19,4lyz,F34Y,34,F,Y,-0.730003,0000000000000000x,0.0
4lyz_T40I,2.2,4lyz,T40I,40,T,I,1.51656,0000000000100000x,1.0
4lyz_T40S,0.27,4lyz,T40S,40,T,S,-0.524961,0000000000000000x,0.0
4lyz_G49A,0.73,4lyz,G49A,49,G,A,2.16795,0000000100000001x,1.0
4lyz_I55A,4.4,4lyz,I55A,55,I,A,0.50366,0000000000000000x,0.0
4lyz_I55F,2.46,4lyz,I55F,55,I,F,9.37241,0000000000000000x,0.0
4lyz_I55L,0.45,4lyz,I55L,55,I,L,-2.47034,0000000000000000x,0.0
4lyz_I55M,2.27,4lyz,I55M,55,I,M,-0.898133,0000000000000000x,0.0
4lyz_I55T,4.96,4lyz,I55T,55,I,T,0.8803209999999999,0000000000000000x,0.0
4lyz_I55V,0.91,4lyz,I55V,55,I,V,0.113332,0000000000000000x,0.0
4lyz_G67A,0.52,4lyz,G67A,67,G,A,2.83956,0000000000000001x,1.0
4lyz_R68K,0.04,4lyz,R68K,68,R,K,0.23012,0000000000000000x,0.0
4lyz_G71A,2.12,4lyz,G71A,71,G,A,0.0539123,0000000000000000x,0.0
4lyz_R73K,-0.23,4lyz,R73K,73,R,K,-0.165236,0000000000000000x,0.0
4lyz_N77H,0.38,4lyz,N77H,77,N,H,0.501433,0000000000000000x,0.0
4lyz_S91A,0.15,4lyz,S91A,91,S,A,-1.29356,0000000000100000x,1.0
4lyz_S91D,2.31,4lyz,S91D,91,S,D,2.97741,0000100000000000x,1.0
4lyz_S91T,-1.0,4lyz,S91T,91,S,T,0.253096,0000000000000000x,0.0
4lyz_S91V,0.08,4lyz,S91V,91,S,V,-1.27389,0000000000100000x,1.0
4lyz_S91Y,3.07,4lyz,S91Y,91,S,Y,18.9232,0000000000100000x,1.0
4lyz_D101A,-0.76,4lyz,D101A,101,D,A,-0.212179,0000000000000000x,0.0
4lyz_D101E,0.0,4lyz,D101E,101,D,E,-0.307277,0000000000000000x,0.0
4lyz_D101F,-0.72,4lyz,D101F,101,D,F,-0.24595100000000006,0000000000000000x,0.0
4lyz_D101G,-0.45,4lyz,D101G,101,D,G,0.16969,0000000000000000x,0.0
4lyz_D101K,-0.19,4lyz,D101K,101,D,K,-0.450481,0000000000000000x,0.0
4lyz_D101N,-0.04,4lyz,D101N,101,D,N,-0.626398,0000000000000000x,0.0
4lyz_D101Q,0.08,4lyz,D101Q,101,D,Q,-0.560226,0000000000000000x,0.0
4lyz_D101R,-0.27,4lyz,D101R,101,D,R,-0.301273,0000000000000000x,0.0
4lyz_D101S,-0.87,4lyz,D101S,101,D,S,-0.50943,0000000000000000x,0.0
4lyz_G102A,1.2,4lyz,G102A,102,G,A,2.8263700000000003,0000000100000001x,1.0
4lyz_G102R,-0.38,4lyz,G102R,102,G,R,2.41313,0000000100000001x,1.0
4lyz_G102V,0.04,4lyz,G102V,102,G,V,3.77734,0000000100000001x,1.0
4lyz_R114H,-0.68,4lyz,R114H,114,R,H,0.771237,0000000000000000x,0.0
4lyz_G117A,0.82,4lyz,G117A,117,G,A,3.5938800000000004,0000000100000000x,1.0
4lyz_Q121H,0.45,4lyz,Q121H,121,Q,H,1.00159,0000000000000000x,0.0
5pti_F22A,1.2,5pti,F22A,22,F,A,3.56483,0000000000000000x,0.0
5pti_Y35A,5.0,5pti,Y35A,35,Y,A,1.92123,0000000000100000x,1.0
5pti_G36S,0.7,5pti,G36S,36,G,S,3.22943,0010000001000000x,1.0
1iro_V24I,0.36,1iro,V24I,24,V,I,-0.479607,0000000000000000x,0.0
1iro_I33L,0.76,1iro,I33L,33,I,L,0.056684800000000014,0000000000000000x,0.0
1ycc_N52I,3.14,1ycc,N52I,52,N,I,-0.7154560000000001,0000000000000000x,0.0
1ycc_N52Q,-0.08,1ycc,N52Q,52,N,Q,0.239768,0000000000000000x,0.0
1ycc_N52S,-1.29,1ycc,N52S,52,N,S,0.9253,0000000000000000x,0.0
1ycc_N52H,-1.27,1ycc,N52H,52,N,H,4.9365,0000100000000000x,1.0
1ycc_N52T,-0.53,1ycc,N52T,52,N,T,-0.150571,0000000000000000x,0.0
1ycc_N52A,0.63,1ycc,N52A,52,N,A,0.849459,0000000000000000x,0.0
1ycc_N52V,1.67,1ycc,N52V,52,N,V,-0.182035,0000000000000000x,0.0
1ycc_N52M,2.25,1ycc,N52M,52,N,M,-0.321508,0000000000000000x,0.0
1ycc_N52L,2.56,1ycc,N52L,52,N,L,-0.705488,0000000000000000x,0.0
2rn2_Q76L,0.24,2rn2,Q76L,76,Q,L,-0.996603,0000000000000000x,0.0
2rn2_Q80L,0.3,2rn2,Q80L,80,Q,L,-0.67884,0000000000000000x,0.0
1lz1_C77A,-4.6,1lz1,C77A,77,C,A,3.74996,1000000000000000x,1.0
1bvc_Q8A,1.07,1bvc,Q8A,8,Q,A,0.27168600000000004,0000000000000000x,0.0
1bvc_Q8G,-0.63,1bvc,Q8G,8,Q,G,0.995106,0000000000000000x,0.0
1bvc_E109A,0.36,1bvc,E109A,109,E,A,0.37465,0000000000000000x,0.0
1bvc_E109G,-0.96,1bvc,E109G,109,E,G,1.0036200000000002,0000000000000000x,0.0
1bvc_K140A,0.6,1bvc,K140A,140,K,A,0.316538,0000000000000000x,0.0
1bvc_W7F,-0.9,1bvc,W7F,7,W,F,0.5993,0000000000000000x,0.0
1bvc_W14F,-1.1,1bvc,W14F,14,W,F,4.10231,0000000000000000x,0.0
1bvc_M131A,-2.2,1bvc,M131A,131,M,A,4.4051800000000005,0000000000000000x,0.0
1bvc_F123K,-2.1,1bvc,F123K,123,F,K,5.74624,0001100000000000x,1.0
1bvc_A130K,-2.1,1bvc,A130K,130,A,K,6.61913,0000000000000100x,1.0
1bvc_A130L,-0.9,1bvc,A130L,130,A,L,6.81445,0010000000000000x,1.0
1bvc_H36Q,-0.8,1bvc,H36Q,36,H,Q,1.5076200000000002,0000000000000000x,0.0
1bvc_V68T,-0.6,1bvc,V68T,68,V,T,0.96281,0000000000000000x,0.0
1sup_N218S,1.07,1sup,N218S,218,N,S,0.9021,0000000000000000x,0.0
1sup_G169A,0.3,1sup,G169A,169,G,A,-0.7990659999999999,0000000001000000x,1.0
1sup_M50F,0.48,1sup,M50F,50,M,F,8.0787,0000000000000000x,0.0
1sup_Y217K,0.72,1sup,Y217K,217,Y,K,1.61343,0000000000000000x,0.0
1sup_Q206C,1.25,1sup,Q206C,206,Q,C,0.188696,0000000000000000x,0.0
1sup_N76D,0.45,1sup,N76D,76,N,D,-0.420135,0000000000000000x,0.0
2lzm_I58T,-3.4,2lzm,I58T,58,I,T,2.82282,0000000000000000x,0.0
2lzm_N101A,-1.5,2lzm,N101A,101,N,A,2.02455,0000000000100000x,1.0
2lzm_Q105M,-1.2,2lzm,Q105M,105,Q,M,-0.949395,0000000000000000x,0.0
2lzm_V149A,-3.1,2lzm,V149A,149,V,A,2.23862,0000000000000000x,0.0
2lzm_V149S,-4.4,2lzm,V149S,149,V,S,3.98357,0000000000000000x,0.0
2lzm_V149T,-3.0,2lzm,V149T,149,V,T,2.39865,0000000000000000x,0.0
2lzm_V149I,-0.1,2lzm,V149I,149,V,I,-0.6440279999999999,0000000000000000x,0.0
2lzm_V149G,-4.9,2lzm,V149G,149,V,G,4.06513,0000000000000000x,0.0
2lzm_T152A,-1.5,2lzm,T152A,152,T,A,0.251577,0000000000100000x,1.0
2lzm_T152C,-0.5,2lzm,T152C,152,T,C,0.37125,0000000000000000x,0.0
2lzm_T152V,0.2,2lzm,T152V,152,T,V,-1.28254,0000000000100000x,1.0
2lzm_T152I,-0.4,2lzm,T152I,152,T,I,-0.939487,0000000000100000x,1.0
2lzm_N144E,0.2,2lzm,N144E,144,N,E,-1.7366400000000002,0000000000000000x,0.0
2lzm_K60H,-0.8,2lzm,K60H,60,K,H,0.730671,0000000000000000x,0.0
2lzm_S90H,-1.0,2lzm,S90H,90,S,H,0.102418,0000000000000000x,0.0
2lzm_K83H,-0.5,2lzm,K83H,83,K,H,1.0154299999999998,0000000000000000x,0.0
2lzm_L46A,-2.7,2lzm,L46A,46,L,A,3.02925,0000000000000000x,0.0
2lzm_L118A,-3.5,2lzm,L118A,118,L,A,3.0428,0000000000000100x,1.0
2lzm_L121A,-2.7,2lzm,L121A,121,L,A,3.43209,0000000000000100x,1.0
2lzm_L99A,-5.0,2lzm,L99A,99,L,A,4.18544,0000000000000100x,1.0
2lzm_F153A,-3.5,2lzm,F153A,153,F,A,4.67131,0000000000000000x,0.0
2lzm_N40A,0.43,2lzm,N40A,40,N,A,-0.484992,0000000000000000x,0.0
2lzm_K43A,-0.96,2lzm,K43A,43,K,A,0.5694170000000001,0000000000000000x,0.0
2lzm_E45A,0.55,2lzm,E45A,45,E,A,-0.13359400000000002,0000000000000000x,0.0
2lzm_D47A,-0.28,2lzm,D47A,47,D,A,-0.290789,0000000000000000x,0.0
2lzm_K48A,-0.32,2lzm,K48A,48,K,A,0.324065,0000000000000000x,0.0
2lzm_R14K,-0.03,2lzm,R14K,14,R,K,0.373065,0000000000000000x,0.0
2lzm_E22K,0.57,2lzm,E22K,22,E,K,-0.257879,0000000000000000x,0.0
2lzm_T26S,0.57,2lzm,T26S,26,T,S,1.12142,0000000000000000x,0.0
2lzm_N40D,0.44,2lzm,N40D,40,N,D,-0.912502,0000000000000000x,0.0
2lzm_A41D,0.29,2lzm,A41D,41,A,D,-1.0294299999999998,0000000000000000x,0.0
2lzm_R80K,-0.17,2lzm,R80K,80,R,K,-0.126309,0000000000000000x,0.0
2lzm_A93T,0.06,2lzm,A93T,93,A,T,0.392028,0000000000000000x,0.0
2lzm_G113E,0.3,2lzm,G113E,113,G,E,0.108027,0000000000000000x,0.0
2lzm_R119H,-0.29,2lzm,R119H,119,R,H,0.260675,0000000000000000x,0.0
2lzm_T151S,0.39,2lzm,T151S,151,T,S,0.042681300000000005,0000000000000000x,0.0
2lzm_F153L,0.35,2lzm,F153L,153,F,L,2.483,0000000000000000x,0.0
2lzm_N163D,-0.21,2lzm,N163D,163,N,D,-0.12473499999999997,0000000000000000x,0.0
2lzm_I78M,-1.5,2lzm,I78M,78,I,M,-0.0900628,0000000000000000x,0.0
2lzm_L84M,-1.9,2lzm,L84M,84,L,M,0.057629199999999985,0000000000000000x,0.0
2lzm_L91M,-0.8,2lzm,L91M,91,L,M,-0.316718,0000000000000000x,0.0
2lzm_L99M,-0.4,2lzm,L99M,99,L,M,0.023746700000000003,0000000000000000x,0.0
2lzm_I100M,-1.6,2lzm,I100M,100,I,M,0.6999380000000001,0000000000000000x,0.0
2lzm_V103M,-1.2,2lzm,V103M,103,V,M,-0.45334,0000000000000000x,0.0
2lzm_L118M,-0.7,2lzm,L118M,118,L,M,-0.488522,0000000000000000x,0.0
2lzm_L121M,-0.8,2lzm,L121M,121,L,M,-0.298874,0000000000000000x,0.0
2lzm_L133M,-0.4,2lzm,L133M,133,L,M,-0.434266,0000000000000000x,0.0
2lzm_F153M,-0.6,2lzm,F153M,153,F,M,1.38459,0000000000000000x,0.0
2lzm_A129L,-1.3,2lzm,A129L,129,A,L,0.543421,0010000000000000x,1.0
2lzm_A129M,-1.9,2lzm,A129M,129,A,M,-1.77899,0010000000000000x,1.0
2lzm_T115A,-0.14,2lzm,T115A,115,T,A,0.701112,0000000000000000x,0.0
2lzm_N116A,0.17,2lzm,N116A,116,N,A,-0.48971,0000000000000000x,0.0
2lzm_S117A,1.27,2lzm,S117A,117,S,A,-0.539361,0000000000100000x,1.0
2lzm_R119A,-0.18,2lzm,R119A,119,R,A,-0.146259,0000000000000000x,0.0
2lzm_M120A,-0.2,2lzm,M120A,120,M,A,1.65726,0000000000000000x,0.0
2lzm_Q122A,-0.24,2lzm,Q122A,122,Q,A,0.5698439999999999,0000000000000000x,0.0
2lzm_Q123A,-0.22,2lzm,Q123A,123,Q,A,-0.28832,0000000000000000x,0.0
2lzm_A41S,-0.6,2lzm,A41S,41,A,S,-0.07587239999999999,0000000000000000x,0.0
2lzm_A42S,-2.3,2lzm,A42S,42,A,S,0.646703,0000000000000000x,0.0
2lzm_A49S,-0.5,2lzm,A49S,49,A,S,0.372199,0000000000000000x,0.0
2lzm_A73S,-0.4,2lzm,A73S,73,A,S,-0.00611494,0000000000000000x,0.0
2lzm_A82S,-0.3,2lzm,A82S,82,A,S,0.269074,0000000000000000x,0.0
2lzm_A93S,-0.2,2lzm,A93S,93,A,S,0.421104,0000000000000000x,0.0
2lzm_A98S,-2.5,2lzm,A98S,98,A,S,0.978936,0000000000000000x,0.0
2lzm_A130S,-1.0,2lzm,A130S,130,A,S,0.5707479999999999,0000000000000000x,0.0
2lzm_A134S,-0.1,2lzm,A134S,134,A,S,-0.0934589,0000000000000000x,0.0
2lzm_V75T,-1.3,2lzm,V75T,75,V,T,0.987227,0000000000000000x,0.0
2lzm_V87T,-1.6,2lzm,V87T,87,V,T,1.28056,0000000000000000x,0.0
2lzm_Q69P,-3.3,2lzm,Q69P,69,Q,P,1.84073,0000000000000000x,0.0
2lzm_D72P,-2.6,2lzm,D72P,72,D,P,2.17853,0000000000000000x,0.0
2lzm_A74P,-4.6,2lzm,A74P,74,A,P,3.91905,0100000000000000x,1.0
2lzm_M102L,-0.74,2lzm,M102L,102,M,L,0.561497,0000000000000000x,0.0
2lzm_V111F,-1.43,2lzm,V111F,111,V,F,4.3716300000000015,0000000000000000x,0.0
2lzm_V111I,-0.69,2lzm,V111I,111,V,I,-0.459726,0000000000000000x,0.0
2lzm_W138Y,-1.71,2lzm,W138Y,138,W,Y,3.0033,0000000000000000x,0.0
2lzm_M102K,-8.9,2lzm,M102K,102,M,K,3.49433,0001100000000000x,1.0
2lzm_L133D,-4.9,2lzm,L133D,133,L,D,4.90891,0001100000000000x,1.0
2lzm_G156D,-1.4,2lzm,G156D,156,G,D,8.31435,0000000000000001x,1.0
2lzm_E11H,0.1,2lzm,E11H,11,E,H,3.11714,0000000000000000x,0.0
2lzm_E11N,-0.1,2lzm,E11N,11,E,N,-0.436093,0000000000000000x,0.0
2lzm_D20N,1.3,2lzm,D20N,20,D,N,1.7014900000000002,0000000000000000x,0.0
2lzm_D20T,0.9,2lzm,D20T,20,D,T,-0.203007,0000000000000000x,0.0
2lzm_D20S,0.7,2lzm,D20S,20,D,S,-0.952708,0000000000000000x,0.0
2lzm_D20A,-0.3,2lzm,D20A,20,D,A,-1.02591,0000000000000000x,0.0
2lzm_S44L,0.39,2lzm,S44L,44,S,L,-0.0392397,0000000000000000x,0.0
2lzm_S44M,0.33,2lzm,S44M,44,S,M,-0.157706,0000000000000000x,0.0
2lzm_S44I,0.31,2lzm,S44I,44,S,I,-0.132373,0000000000000000x,0.0
2lzm_S44Q,0.27,2lzm,S44Q,44,S,Q,0.552604,0000000000000000x,0.0
2lzm_S44R,0.24,2lzm,S44R,44,S,R,0.0979333,0000000000000000x,0.0
2lzm_S44K,0.2,2lzm,S44K,44,S,K,0.0794698,0000000000000000x,0.0
2lzm_S44Y,0.19,2lzm,S44Y,44,S,Y,0.15671,0000000000000000x,0.0
2lzm_S44V,0.1,2lzm,S44V,44,S,V,0.423015,0000000000000000x,0.0
2lzm_S44F,0.06,2lzm,S44F,44,S,F,0.0589788,0000000000000000x,0.0
2lzm_S44W,0.05,2lzm,S44W,44,S,W,0.611819,0000000000000000x,0.0
2lzm_S44H,0.04,2lzm,S44H,44,S,H,0.979106,0000000000000000x,0.0
2lzm_S44T,0.01,2lzm,S44T,44,S,T,0.613883,0000000000000000x,0.0
2lzm_S44E,0.0,2lzm,S44E,44,S,E,0.25245300000000004,0000000000000000x,0.0
2lzm_S44D,-0.11,2lzm,S44D,44,S,D,0.749951,0000000000000000x,0.0
2lzm_S44C,-0.11,2lzm,S44C,44,S,C,0.402063,0000000000000000x,0.0
2lzm_S44N,-0.14,2lzm,S44N,44,S,N,0.835133,0000000000000000x,0.0
2lzm_S44G,-0.53,2lzm,S44G,44,S,G,0.6893699999999999,0000000000000000x,0.0
2lzm_S44P,-3.03,2lzm,S44P,44,S,P,5.41589,0000000000000000x,0.0
2lzm_L99V,-2.3,2lzm,L99V,99,L,V,3.22688,0000000000000000x,0.0
2lzm_L99I,-1.4,2lzm,L99I,99,L,I,1.98596,0000000000000000x,0.0
2lzm_L99F,-0.4,2lzm,L99F,99,L,F,-0.476955,0000000000000000x,0.0
2lzm_F153V,-1.8,2lzm,F153V,153,F,V,3.53338,0000000000000000x,0.0
2lzm_F153I,-0.5,2lzm,F153I,153,F,I,2.44257,0000000000000000x,0.0
2lzm_T59N,-0.6,2lzm,T59N,59,T,N,-0.52786,0000000000000000x,0.0
2lzm_T59S,-0.7,2lzm,T59S,59,T,S,-0.599776,0000000000000000x,0.0
2lzm_T59D,-0.9,2lzm,T59D,59,T,D,-2.00982,0000000000000000x,0.0
2lzm_T59G,-2.2,2lzm,T59G,59,T,G,-0.296725,0000000000000000x,0.0
2lzm_T59V,-2.8,2lzm,T59V,59,T,V,1.183,0000000000000000x,0.0
2lzm_T59A,-2.8,2lzm,T59A,59,T,A,0.713017,0000000000000000x,0.0
2lzm_S38N,-0.1,2lzm,S38N,38,S,N,-0.369819,0000000000000000x,0.0
2lzm_D92N,-0.1,2lzm,D92N,92,D,N,5.51615,0000000000000000x,0.0
2lzm_T109D,-0.3,2lzm,T109D,109,T,D,-0.965613,0000000000000000x,0.0
2lzm_T109N,0.0,2lzm,T109N,109,T,N,0.0942796,0000000000000000x,0.0
2lzm_N144H,-0.6,2lzm,N144H,144,N,H,-0.651179,0000000000000000x,0.0
2lzm_L39A,-0.9,2lzm,L39A,39,L,A,1.07169,0000000000000000x,0.0
2lzm_A42K,-3.7,2lzm,A42K,42,A,K,12.6805,0010000000000100x,1.0
2lzm_I17A,-2.7,2lzm,I17A,17,I,A,2.16465,0000000000000000x,0.0
2lzm_I27A,-3.1,2lzm,I27A,27,I,A,3.20302,0000000000000000x,0.0
2lzm_I29A,-2.6,2lzm,I29A,29,I,A,2.36064,0000000000000000x,0.0
2lzm_I50A,-2.0,2lzm,I50A,50,I,A,2.38632,0000000000000000x,0.0
2lzm_I58A,-3.2,2lzm,I58A,58,I,A,3.98462,0000000000000000x,0.0
2lzm_I78A,-1.6,2lzm,I78A,78,I,A,3.62632,0000000000000000x,0.0
2lzm_I100A,-3.4,2lzm,I100A,100,I,A,3.09201,0000000000000000x,0.0
2lzm_V71A,-1.5,2lzm,V71A,71,V,A,2.48434,0000000000000000x,0.0
2lzm_V87A,-1.7,2lzm,V87A,87,V,A,1.89726,0000000000000000x,0.0
2lzm_V94A,-1.8,2lzm,V94A,94,V,A,1.2008299999999998,0000000000000000x,0.0
2lzm_V103A,-2.2,2lzm,V103A,103,V,A,1.94461,0000000000000000x,0.0
2lzm_V111A,-1.3,2lzm,V111A,111,V,A,2.62266,0000000000000000x,0.0
2lzm_M6A,-1.9,2lzm,M6A,6,M,A,0.64058,0000000000000000x,0.0
2lzm_M106A,-2.3,2lzm,M106A,106,M,A,2.7326900000000003,0000000000000000x,0.0
2lzm_F67A,-1.9,2lzm,F67A,67,F,A,4.7843300000000015,0000000000000000x,0.0
2lzm_F104A,-3.1,2lzm,F104A,104,F,A,3.2162,0000000000000000x,0.0
2lzm_L7A,-2.6,2lzm,L7A,7,L,A,0.5803,0000000000000000x,0.0
2lzm_L33A,-3.6,2lzm,L33A,33,L,A,3.66776,0000000000000000x,0.0
2lzm_L66A,-3.9,2lzm,L66A,66,L,A,2.29142,0000000000000100x,1.0
2lzm_L84A,-3.9,2lzm,L84A,84,L,A,4.4505,0000000000000000x,0.0
2lzm_L91A,-3.1,2lzm,L91A,91,L,A,3.181,0000000000000100x,1.0
2lzm_M6L,-2.8,2lzm,M6L,6,M,L,0.7139800000000001,0000000000000000x,0.0
2lzm_M106L,0.5,2lzm,M106L,106,M,L,0.7090350000000001,0000000000000000x,0.0
2lzm_M120L,0.5,2lzm,M120L,120,M,L,-0.250916,0000000000000000x,0.0
2lzm_M106K,-3.4,2lzm,M106K,106,M,K,1.1742,0000000000000000x,0.0
2lzm_M120K,-1.6,2lzm,M120K,120,M,K,1.16872,0000000000000000x,0.0
2lzm_H31N,-4.0,2lzm,H31N,31,H,N,0.427444,0000000000000000x,0.0
2lzm_E108V,1.2,2lzm,E108V,108,E,V,1.10024,0000000000000000x,0.0
2lzm_L99G,-7.4,2lzm,L99G,99,L,G,5.69266,0000000000000100x,1.0
2lzm_I78V,-0.8,2lzm,I78V,78,I,V,1.1036700000000002,0000000000000000x,0.0
2lzm_L118I,-1.2,2lzm,L118I,118,L,I,1.53854,0000000000000000x,0.0
2lzm_V87I,-0.3,2lzm,V87I,87,V,I,-0.477851,0000000000000000x,0.0
2lzm_I100V,-0.4,2lzm,I100V,100,I,V,0.979303,0000000000000000x,0.0
2lzm_V103I,-0.5,2lzm,V103I,103,V,I,-0.424889,0000000000000000x,0.0
2lzm_M106I,0.2,2lzm,M106I,106,M,I,1.649,0000000000000000x,0.0
2lzm_M120Y,-0.1,2lzm,M120Y,120,M,Y,0.159518,0000000000000000x,0.0
2lzm_G28A,-2.0,2lzm,G28A,28,G,A,3.486,0000000101000000x,1.0
2lzm_R96K,0.0,2lzm,R96K,96,R,K,0.168452,0000000000000000x,0.0
2lzm_R96Q,-0.3,2lzm,R96Q,96,R,Q,1.3787,0000000000000000x,0.0
2lzm_R96A,-2.0,2lzm,R96A,96,R,A,1.7169299999999998,0000000000000000x,0.0
2lzm_R96V,-2.4,2lzm,R96V,96,R,V,4.29655,0000000000000000x,0.0
2lzm_R96S,-2.6,2lzm,R96S,96,R,S,2.12872,0000000000000000x,0.0
2lzm_R96E,-2.5,2lzm,R96E,96,R,E,1.7846,0000000000000000x,0.0
2lzm_R96G,-2.6,2lzm,R96G,96,R,G,3.20805,0000000000000100x,1.0
2lzm_R96M,-2.7,2lzm,R96M,96,R,M,0.7981550000000001,0000000000000000x,0.0
2lzm_R96T,-2.8,2lzm,R96T,96,R,T,5.09936,0000000000000000x,0.0
2lzm_R96C,-2.9,2lzm,R96C,96,R,C,1.7562400000000002,0000000000000000x,0.0
2lzm_R96I,-2.9,2lzm,R96I,96,R,I,3.1484400000000003,0000000000000000x,0.0
2lzm_R96N,-3.0,2lzm,R96N,96,R,N,1.86313,0000000000000000x,0.0
2lzm_R96L,-3.2,2lzm,R96L,96,R,L,1.90556,0000000000000000x,0.0
2lzm_R96D,-3.5,2lzm,R96D,96,R,D,4.07686,0000000000000000x,0.0
2lzm_R96F,-4.2,2lzm,R96F,96,R,F,10.8995,0000000000000000x,0.0
2lzm_R96W,-4.5,2lzm,R96W,96,R,W,9.41296,0000000000000000x,0.0
2lzm_R96Y,-4.7,2lzm,R96Y,96,R,Y,10.5973,0000000000000000x,0.0
2lzm_R96P,-5.5,2lzm,R96P,96,R,P,6.62856,0000000000000100x,1.0
2lzm_K85A,-0.6,2lzm,K85A,85,K,A,1.06647,0000000000000000x,0.0
2lzm_D89A,-0.5,2lzm,D89A,89,D,A,-0.35383400000000004,0000000000000000x,0.0
3mbp_V8G,-1.1,3mbp,V8G,8,V,G,0.28874,0000000000000000x,0.0
3mbp_G19C,-2.3,3mbp,G19C,19,G,C,9.1402,0000000001000000x,1.0
3mbp_A276G,-1.5,3mbp,A276G,276,A,G,1.93245,0000000000000000x,0.0
3mbp_Y283D,-3.2,3mbp,Y283D,283,Y,D,4.10764,0000000000000000x,0.0
3mbp_T345I,0.7,3mbp,T345I,345,T,I,-0.456574,0000000000000000x,0.0
3mbp_D55N,0.0,3mbp,D55N,55,D,N,0.726446,0000000000000000x,0.0
1shg_Y13F,0.025,1shg,Y13F,13,Y,F,-0.318223,0000000000000000x,0.0
1shg_Y57F,0.067,1shg,Y57F,57,Y,F,-0.505835,0000000000000000x,0.0
1shg_F52Y,-0.44,1shg,F52Y,52,F,Y,0.336961,0000000000000000x,0.0
1shg_K59Y,0.84,1shg,K59Y,59,K,Y,0.00923068,0000000000000000x,0.0
1shg_K59F,0.92,1shg,K59F,59,K,F,-0.138604,0000000000000000x,0.0
1shg_K18F,2.33,1shg,K18F,18,K,F,0.402928,0000000000000000x,0.0
1rn1_Y11F,-2.03,1rn1,Y11F,11,Y,F,0.778633,0000000000100000x,1.0
1rn1_Y42F,1.15,1rn1,Y42F,42,Y,F,1.02921,0000000000100000x,1.0
1rn1_Y56F,-0.71,1rn1,Y56F,56,Y,F,0.105091,0000000000000000x,0.0
1rn1_Y57F,-0.44,1rn1,Y57F,57,Y,F,-0.0435977,0000000000000000x,0.0
1rn1_Y68F,-1.35,1rn1,Y68F,68,Y,F,-0.760364,0000000000100000x,1.0
1rn1_S12A,-1.08,1rn1,S12A,12,S,A,1.94742,0000000000000000x,0.0
1rn1_S17A,0.57,1rn1,S17A,17,S,A,-0.532216,0000000000000000x,0.0
1rn1_S64A,-1.56,1rn1,S64A,64,S,A,-0.392921,0000000000000000x,0.0
1rn1_N9A,-0.71,1rn1,N9A,9,N,A,0.375212,0000000000000000x,0.0
1rn1_N36A,0.0,1rn1,N36A,36,N,A,0.000868374,0000000000000000x,0.0
1rn1_N81A,-2.91,1rn1,N81A,81,N,A,1.21131,0000000000100000x,1.0
1rn1_A21C,-0.74,1rn1,A21C,21,A,C,0.8403579999999999,0000000000000000x,0.0
1rn1_A21D,0.33,1rn1,A21D,21,A,D,0.7509899999999999,0000000000000000x,0.0
1rn1_A21E,0.05,1rn1,A21E,21,A,E,-0.0310389,0000000000000000x,0.0
1rn1_A21F,-0.57,1rn1,A21F,21,A,F,-0.226495,0000000000000000x,0.0
1rn1_A21G,-0.9,1rn1,A21G,21,A,G,0.756811,0000000000000000x,0.0
1rn1_A21H,-0.56,1rn1,A21H,21,A,H,0.766951,0000000000000000x,0.0
1rn1_A21I,-0.44,1rn1,A21I,21,A,I,1.12132,0000000000000000x,0.0
1rn1_A21K,-0.51,1rn1,A21K,21,A,K,-0.07238610000000001,0000000000000000x,0.0
1rn1_A21L,-0.13,1rn1,A21L,21,A,L,-0.10396500000000003,0000000000000000x,0.0
1rn1_A21M,-0.15,1rn1,A21M,21,A,M,-0.287268,0000000000000000x,0.0
1rn1_A21N,0.34,1rn1,A21N,21,A,N,0.0747765,0000000000000000x,0.0
1rn1_A21Q,-0.26,1rn1,A21Q,21,A,Q,0.119973,0000000000000000x,0.0
1rn1_A21R,-0.41,1rn1,A21R,21,A,R,0.330618,0000000000000000x,0.0
1rn1_A21S,-0.49,1rn1,A21S,21,A,S,0.145086,0000000000000000x,0.0
1rn1_A21T,-0.57,1rn1,A21T,21,A,T,1.44055,0000000000000000x,0.0
1rn1_A21V,-0.66,1rn1,A21V,21,A,V,1.93694,0000000000000000x,0.0
1rn1_A21W,-0.3,1rn1,A21W,21,A,W,0.157834,0000000000000000x,0.0
1rn1_A21Y,-0.39,1rn1,A21Y,21,A,Y,-0.0691365,0000000000000000x,0.0
1ayf_Y82W,-0.21,1ayf,Y82W,82,Y,W,1.30095,0000000000000000x,0.0
4lyz_K13D,-6.69,4lyz,K13D,13,K,D,1.7396200000000002,0000000000000000x,0.0
4lyz_G49N,-0.96,4lyz,G49N,49,G,N,1.08848,0000000100000001x,1.0
4lyz_P70N,-2.15,4lyz,P70N,70,P,N,1.43057,0000000000000000x,0.0
4lyz_C94A,-4.78,4lyz,C94A,94,C,A,4.12298,1000000000000000x,1.0
4lyz_N103D,0.24,4lyz,N103D,103,N,D,-0.0174404,0000000000000000x,0.0
4lyz_M105T,-0.24,4lyz,M105T,105,M,T,5.25913,0000000000000000x,0.0
1poh_S46D,1.4,1poh,S46D,46,S,D,-4.7847,0000000000000000x,0.0
1poh_S46N,0.3,1poh,S46N,46,S,N,-1.22179,0000000000000000x,0.0
1poh_S46A,-1.1,1poh,S46A,46,S,A,0.6293880000000001,0000000000000000x,0.0
4lyz_M12L,-0.57,4lyz,M12L,12,M,L,1.29738,0000000000000000x,0.0
4lyz_M12F,0.28,4lyz,M12F,12,M,F,0.996078,0000000000000000x,0.0
1pga_T53T,1.36,1pga,T53T,53,T,T,0.048319699999999986,0000000000000000x,0.0
1pga_T53W,1.04,1pga,T53W,53,T,W,1.61221,0000000000000000x,0.0
1pga_T53S,0.87,1pga,T53S,53,T,S,0.512258,0000000000000000x,0.0
1pga_T53M,0.9,1pga,T53M,53,T,M,-1.32967,0000000000000000x,0.0
1pga_T53C,0.78,1pga,T53C,53,T,C,0.198718,0000000000000000x,0.0
1pga_T53L,0.45,1pga,T53L,53,T,L,-1.3595,0000000000000000x,0.0
1pga_T53R,0.4,1pga,T53R,53,T,R,-1.37187,0000000000000000x,0.0
1pga_T53N,0.52,1pga,T53N,53,T,N,0.26910300000000004,0000000000000000x,0.0
1pga_T53H,0.37,1pga,T53H,53,T,H,1.1524299999999998,0000000000000000x,0.0
1pga_T53Q,0.38,1pga,T53Q,53,T,Q,-0.365762,0000000000000000x,0.0
1pga_T53K,0.35,1pga,T53K,53,T,K,-1.06366,0000000000000000x,0.0
1pga_T53E,0.23,1pga,T53E,53,T,E,0.448965,0000000000000000x,0.0
1pga_T53D,-0.85,1pga,T53D,53,T,D,2.11637,0000000000000000x,0.0
1pga_T53G,-1.21,1pga,T53G,53,T,G,1.57221,0000000000000000x,0.0
1pga_T25P,-2.8,1pga,T25P,25,T,P,1.80838,0000000000000000x,0.0
1pga_V29P,-3.5,1pga,V29P,29,V,P,2.36688,0000000000000000x,0.0
1pga_D36P,-3.1,1pga,D36P,36,D,P,1.7891,0000010000000000x,1.0
1bni_G52V,-8.4,1bni,G52V,52,G,V,18.4197,0010000001000000x,1.0
1bni_T6P,-3.08,1bni,T6P,6,T,P,0.05690940000000001,0000000000000000x,0.0
1bni_D8S,-0.97,1bni,D8S,8,D,S,0.986476,0000000000000000x,0.0
1bni_D12S,-0.65,1bni,D12S,12,D,S,0.643885,0000000000000000x,0.0
1bni_T16G,-1.66,1bni,T16G,16,T,G,0.463539,0000000000000000x,0.0
1bni_T16A,-0.27,1bni,T16A,16,T,A,-0.420836,0000000000000000x,0.0
1bni_Y17G,-4.03,1bni,Y17G,17,Y,G,0.674369,0000000000000000x,0.0
1bni_Y17S,-2.57,1bni,Y17S,17,Y,S,0.940926,0000000000000000x,0.0
1bni_H18G,-0.7,1bni,H18G,18,H,G,-1.69777,0000000000000000x,0.0
1bni_H18A,-1.85,1bni,H18A,18,H,A,0.535058,0000000000000000x,0.0
1bni_H18S,-2.28,1bni,H18S,18,H,S,0.5965010000000001,0000000000000000x,0.0
1bni_H18N,-1.68,1bni,H18N,18,H,N,-0.288158,0000000000000000x,0.0
1bni_H18D,-2.56,1bni,H18D,18,H,D,0.969728,0000000000000000x,0.0
1bni_H18K,-1.19,1bni,H18K,18,H,K,-0.348646,0000000000000000x,0.0
1bni_H18R,-1.17,1bni,H18R,18,H,R,-0.397702,0000000000000000x,0.0
1bni_D12A,1.1,1bni,D12A,12,D,A,0.537784,0000000000000000x,0.0
1bni_Y13G,-6.4,1bni,Y13G,13,Y,G,3.18196,0000000000000000x,0.0
1bni_Q15G,-1.6,1bni,Q15G,15,Q,G,0.6810970000000001,0000000000000000x,0.0
1bni_Q15A,-0.2,1bni,Q15A,15,Q,A,0.199713,0000000000000000x,0.0
1bni_I55G,-3.1,1bni,I55G,55,I,G,0.721963,0000000000000000x,0.0
1bni_R72G,-2.5,1bni,R72G,72,R,G,0.94646,0000000000000100x,1.0
1bni_E73G,-5.4,1bni,E73G,73,E,G,2.43568,0000000000000000x,0.0
1bni_I88G,-7.4,1bni,I88G,88,I,G,5.14246,0000000000000100x,1.0
1bni_T26D,-0.08,1bni,T26D,26,T,D,-1.32984,0000000000000000x,0.0
1bni_L89G,-7.0,1bni,L89G,89,L,G,5.79231,0000000000000000x,0.0
1bni_L95G,-4.7,1bni,L95G,95,L,G,2.4462900000000003,0000000000000000x,0.0
1bni_I96G,-5.7,1bni,I96G,96,I,G,5.67811,0000000000000000x,0.0
1bni_Y97G,-6.6,1bni,Y97G,97,Y,G,4.94007,0000000000000000x,0.0
1bni_T100G,-2.8,1bni,T100G,100,T,G,0.319101,0000000000000000x,0.0
1bni_K27G,-0.55,1bni,K27G,27,K,G,1.42598,0000000000000000x,0.0
1bni_S28G,-0.45,1bni,S28G,28,S,G,0.257795,0000000000000000x,0.0
1bni_S28A,0.41,1bni,S28A,28,S,A,-0.30456700000000003,0000000000000000x,0.0
1bni_E29G,-1.81,1bni,E29G,29,E,G,2.19883,0000000000000000x,0.0
1bni_E29A,-1.25,1bni,E29A,29,E,A,0.843562,0000000000000000x,0.0
1bni_E29S,-1.23,1bni,E29S,29,E,S,1.26795,0000000000000000x,0.0
1bni_Q31G,-0.98,1bni,Q31G,31,Q,G,0.8878469999999999,0000000000000000x,0.0
1bni_Q31S,-0.25,1bni,Q31S,31,Q,S,0.0876375,0000000000000000x,0.0
1bni_Q31A,0.1,1bni,Q31A,31,Q,A,0.151896,0000000000000000x,0.0
1bni_G34A,-3.12,1bni,G34A,34,G,A,3.02896,0000000100000000x,1.0
1bni_G34S,-3.2,1bni,G34S,34,G,S,3.3008900000000003,0000000100000000x,1.0
1bni_G34N,-2.75,1bni,G34N,34,G,N,3.12952,0000000100000000x,1.0
1bni_G34D,-3.39,1bni,G34D,34,G,D,3.20756,0000000100000000x,1.0
1bni_G34H,-2.65,1bni,G34H,34,G,H,3.25541,0000000100000000x,1.0
1bni_G34K,-3.12,1bni,G34K,34,G,K,2.91366,0000000100000000x,1.0
1bni_G34R,-2.42,1bni,G34R,34,G,R,2.99257,0000000100000000x,1.0
1bni_G34T,-3.37,1bni,G34T,34,G,T,4.67968,0000000100000000x,1.0
1bni_A32R,-0.1,1bni,A32R,32,A,R,-0.120983,0000000000000000x,0.0
1bni_A32K,-0.2,1bni,A32K,32,A,K,0.0664939,0000000000000000x,0.0
1bni_A32M,-0.3,1bni,A32M,32,A,M,-0.0411653,0000000000000000x,0.0
1bni_A32L,-0.3,1bni,A32L,32,A,L,0.13131099999999998,0000000000000000x,0.0
1bni_A32S,-0.4,1bni,A32S,32,A,S,-0.308232,0000000000000000x,0.0
1bni_A32Q,-0.5,1bni,A32Q,32,A,Q,0.0357089,0000000000000000x,0.0
1bni_A32E,-0.6,1bni,A32E,32,A,E,0.4456270000000001,0000000000000000x,0.0
1bni_A32N,-0.7,1bni,A32N,32,A,N,0.0468853,0000000000000000x,0.0
1bni_A32F,-0.7,1bni,A32F,32,A,F,0.183046,0000000000000000x,0.0
1bni_A32D,-0.7,1bni,A32D,32,A,D,1.15183,0000000000000000x,0.0
1bni_A32H,-0.8,1bni,A32H,32,A,H,-0.109487,0000000000000000x,0.0
1bni_A32T,-0.8,1bni,A32T,32,A,T,0.854189,0000000000000000x,0.0
1bni_A32I,-0.8,1bni,A32I,32,A,I,0.987261,0000000000000000x,0.0
1bni_A32Y,-0.8,1bni,A32Y,32,A,Y,0.251824,0000000000000000x,0.0
1bni_A32V,-0.9,1bni,A32V,32,A,V,1.06409,0000000000000000x,0.0
1bni_A32G,-0.9,1bni,A32G,32,A,G,0.112987,0000000000000000x,0.0
1bni_A32W,-1.0,1bni,A32W,32,A,W,0.39061,0000000000000000x,0.0
1bni_A32C,-1.0,1bni,A32C,32,A,C,0.229694,0000000000000000x,0.0
1bni_A32P,-4.1,1bni,A32P,32,A,P,1.62532,0000010000000000x,1.0
1bni_S28E,0.4,1bni,S28E,28,S,E,-0.29985900000000004,0000000000000000x,0.0
1bni_F7L,-4.6,1bni,F7L,7,F,L,0.815194,0000000000000000x,0.0
1bni_T6S,-0.22,1bni,T6S,6,T,S,0.804188,0000000000000000x,0.0
1bni_T6A,-2.53,1bni,T6A,6,T,A,0.158872,0000000000000000x,0.0
1bni_T6G,-1.34,1bni,T6G,6,T,G,0.0619241,0000000000000000x,0.0
1bni_T6N,-1.27,1bni,T6N,6,T,N,0.385252,0000000000000000x,0.0
1bni_T6D,0.11,1bni,T6D,6,T,D,4.27802,0000000000000000x,0.0
1bni_T6Q,-1.87,1bni,T6Q,6,T,Q,0.260513,0000000000000000x,0.0
1bni_T6E,-0.27,1bni,T6E,6,T,E,2.53436,0000000000000000x,0.0
1bni_T26S,-0.56,1bni,T26S,26,T,S,-1.96386,0000000000000000x,0.0
1bni_T26V,-2.31,1bni,T26V,26,T,V,0.454162,0000000000000000x,0.0
1bni_T26A,-2.11,1bni,T26A,26,T,A,-0.752019,0000000000000000x,0.0
1bni_T26N,-1.29,1bni,T26N,26,T,N,-1.3256,0000000000000000x,0.0
1bni_T26Q,-1.72,1bni,T26Q,26,T,Q,-0.0948269,0000000000000000x,0.0
1bni_T26E,-0.05,1bni,T26E,26,T,E,-0.516255,0000000000000000x,0.0
1bni_H18Q,-1.6,1bni,H18Q,18,H,Q,-0.483017,0000000000000000x,0.0
1bni_T16S,-1.87,1bni,T16S,16,T,S,0.39331,0000000000000000x,0.0
1bni_Y78F,-1.5,1bni,Y78F,78,Y,F,0.423013,0000000000000000x,0.0
1bni_W94Y,-1.27,1bni,W94Y,94,W,Y,1.13323,0000000000000000x,0.0
1bni_W94F,-1.06,1bni,W94F,94,W,F,0.729288,0000000000000000x,0.0
1bni_W94L,-1.59,1bni,W94L,94,W,L,0.107303,0000000000000000x,0.0
1bni_Y13A,-3.71,1bni,Y13A,13,Y,A,1.49802,0000000000000000x,0.0
1bni_Y17A,-2.26,1bni,Y17A,17,Y,A,0.801311,0000000000000000x,0.0
1bni_Y13F,-0.41,1bni,Y13F,13,Y,F,-0.403086,0000000000000000x,0.0
1bni_Y17F,-0.3,1bni,Y17F,17,Y,F,-0.263867,0000000000000000x,0.0
1bni_R69S,-2.72,1bni,R69S,69,R,S,1.6699400000000002,0000000000000000x,0.0
1bni_D93N,-4.11,1bni,D93N,93,D,N,2.04168,0000000000000000x,0.0
1bni_R69K,-3.13,1bni,R69K,69,R,K,0.3631,0000000000000000x,0.0
1bni_R83K,-4.13,1bni,R83K,83,R,K,3.21491,0000000000000000x,0.0
1bni_D75N,-4.8,1bni,D75N,75,D,N,1.06066,0000000010010000x,1.0
1bni_I4V,-0.6,1bni,I4V,4,I,V,0.787879,0000000000000000x,0.0
1bni_I4A,-1.4,1bni,I4A,4,I,A,0.84503,0000000000000100x,1.0
1bni_N5A,-1.9,1bni,N5A,5,N,A,0.16609200000000002,0000000000000000x,0.0
1bni_T6H,-2.65,1bni,T6H,6,T,H,0.4576939999999999,0000000000000000x,0.0
1bni_V10T,-2.5,1bni,V10T,10,V,T,1.2738,0000000000000000x,0.0
1bni_V10A,-3.4,1bni,V10A,10,V,A,2.41439,0000000000000000x,0.0
1bni_D54A,-3.3,1bni,D54A,54,D,A,1.06935,0000000000000000x,0.0
1bni_E73A,-2.5,1bni,E73A,73,E,A,1.46094,0000000000000000x,0.0
1bni_Q15I,1.0,1bni,Q15I,15,Q,I,-0.363005,0000000000000000x,0.0
1bni_K19R,0.2,1bni,K19R,19,K,R,-0.816818,0000000000000000x,0.0
1bni_E29Q,0.0,1bni,E29Q,29,E,Q,0.0702942,0000000000000000x,0.0
1bni_D44E,0.1,1bni,D44E,44,D,E,-0.355363,0000000000000000x,0.0
1bni_I55V,-0.3,1bni,I55V,55,I,V,0.173295,0000000000000000x,0.0
1bni_K62R,-0.5,1bni,K62R,62,K,R,-0.0405676,0000000000000000x,0.0
1bni_G65S,0.5,1bni,G65S,65,G,S,0.189652,0010000000000000x,1.0
1bni_K66A,0.2,1bni,K66A,66,K,A,-0.920589,0000000000000000x,0.0
1bni_T79V,0.3,1bni,T79V,79,T,V,0.428617,0000000000000000x,0.0
1bni_S85A,-0.12,1bni,S85A,85,S,A,-0.137312,0000000000000000x,0.0
1bni_I88L,-0.3,1bni,I88L,88,I,L,0.862718,0000000000000000x,0.0
1bni_L89V,-0.3,1bni,L89V,89,L,V,0.371228,0000000000000000x,0.0
1bni_Q104A,-0.2,1bni,Q104A,104,Q,A,0.0632605,0000000000000000x,0.0
1bni_K108R,0.9,1bni,K108R,108,K,R,0.00234468,0000000000000000x,0.0
1bni_N23A,-2.2,1bni,N23A,23,N,A,0.5057,0000000000100000x,1.0
1hfy_T29V,1.86,1hfy,T29V,29,T,V,-1.42036,0000000000000000x,0.0
1hfy_T29I,1.37,1hfy,T29I,29,T,I,-2.82998,0000000000000000x,0.0
1am7_H48N,-5.0,1am7,H48N,48,H,N,1.25803,0000000000000000x,0.0
1hfy_A30T,0.06,1hfy,A30T,30,A,T,1.58611,0000000000000000x,0.0
1hfy_A30I,0.3,1hfy,A30I,30,A,I,0.38514,0000000000000000x,0.0
1hfy_T33I,0.18,1hfy,T33I,33,T,I,-0.833206,0000000000000000x,0.0
1wq5_G211D,0.2,1wq5,G211D,211,G,D,12.1255,0000000001000100x,1.0
1wq5_G211S,-0.4,1wq5,G211S,211,G,S,7.42518,0000000001000100x,1.0
1wq5_G211V,0.3,1wq5,G211V,211,G,V,10.9333,0000000001000100x,1.0
1wq5_G211W,-0.7,1wq5,G211W,211,G,W,31.9868,0000000001000100x,1.0
1wq5_Y175C,-0.1,1wq5,Y175C,175,Y,C,4.44861,0000000000000000x,0.0
1wq5_F139W,-0.07,1wq5,F139W,139,F,W,0.604229,0000000000000100x,1.0
1wq5_F258W,0.23,1wq5,F258W,258,F,W,1.17949,0000000000000000x,0.0
1csp_K5E,-3.49,1csp,K5E,5,K,E,0.94363,0000000000000000x,0.0
1csp_K5Q,-2.2,1csp,K5Q,5,K,Q,0.560537,0000000000000000x,0.0
1csp_N10K,-1.51,1csp,N10K,10,N,K,-0.307559,0000000000000000x,0.0
1csp_E12K,-0.72,1csp,E12K,12,E,K,0.0423096,0000000000000000x,0.0
1csp_K13E,-0.31,1csp,K13E,13,K,E,0.16656700000000002,0000000000000000x,0.0
1csp_K13Q,-0.17,1csp,K13Q,13,K,Q,0.27917,0000000000000000x,0.0
1csp_E19K,-0.5,1csp,E19K,19,E,K,-1.03052,0000000000000000x,0.0
1csp_E19Q,-0.14,1csp,E19Q,19,E,Q,-0.223733,0000000000000000x,0.0
1csp_V20Q,-1.82,1csp,V20Q,20,V,Q,1.74757,0000000000000100x,1.0
1csp_V20K,-1.96,1csp,V20K,20,V,K,1.29335,0000000000000100x,1.0
1csp_E21K,-0.07,1csp,E21K,21,E,K,0.102482,0000000000000000x,0.0
1csp_E21Q,-0.24,1csp,E21Q,21,E,Q,-0.0757701,0000000000000000x,0.0
1csp_D24K,-0.6,1csp,D24K,24,D,K,0.225188,0000000000000000x,0.0
1csp_D24N,-0.79,1csp,D24N,24,D,N,0.0650704,0000000000000000x,0.0
1csp_D25K,-1.46,1csp,D25K,25,D,K,-1.24889,0000000000000000x,0.0
1csp_K39E,-0.31,1csp,K39E,39,K,E,0.0997232,0000000000000000x,0.0
1csp_K39Q,-0.07,1csp,K39Q,39,K,Q,0.232497,0000000000000000x,0.0
1csp_E42K,0.0,1csp,E42K,42,E,K,-0.653783,0000000000000000x,0.0
1csp_E42Q,-0.12,1csp,E42Q,42,E,Q,-0.885542,0000000000000000x,0.0
1csp_E43K,0.22,1csp,E43K,43,E,K,-0.370814,0000000000000000x,0.0
1csp_E43Q,0.02,1csp,E43Q,43,E,Q,-0.136208,0000000000000000x,0.0
1csp_E50K,-0.65,1csp,E50K,50,E,K,-0.4432430000000001,0000000000000000x,0.0
1csp_E53K,-0.29,1csp,E53K,53,E,K,-0.917677,0000000000000000x,0.0
1csp_E53Q,0.17,1csp,E53Q,53,E,Q,-0.937072,0000000000000000x,0.0
1csp_N55K,-0.22,1csp,N55K,55,N,K,0.0516299,0000000000000000x,0.0
1csp_N55D,0.48,1csp,N55D,55,N,D,0.0246578,0000000000000000x,0.0
1csp_K65E,-1.91,1csp,K65E,65,K,E,0.195816,0000000000000000x,0.0
1csp_K65Q,-0.96,1csp,K65Q,65,K,Q,0.730012,0000000000000000x,0.0
